event_id,shipment_id,warehouse_id,event_type,event_timestamp,part_id,quantity,status
WMS-00001-0,SH-00001,W-MAN,ASN Received,2026-06-06T16:15,UT-EV-063,23,Completed
WMS-00001-1,SH-00001,W-GLA,Goods Received,2026-06-06T18:16,UT-EV-063,4,Exception
WMS-00001-2,SH-00001,W-COV,Putaway Completed,2026-06-06T20:03,UT-EV-063,13,Open
WMS-00001-3,SH-00001,W-LON,Stock Adjustment,2026-06-06T22:10,UT-EV-063,14,Open
WMS-00001-4,SH-00001,W-LON,Pick Started,2026-06-07T00:22,UT-EV-063,18,Open
WMS-00002-0,SH-00002,W-MAN,ASN Received,2026-06-06T15:06,UT-VALVE-062,2,Open
WMS-00002-1,SH-00002,W-LON,Goods Received,2026-06-06T17:09,UT-VALVE-062,2,Open
WMS-00002-2,SH-00002,W-COV,Putaway Completed,2026-06-06T19:27,UT-VALVE-062,3,Open
WMS-00002-3,SH-00002,W-LON,Stock Adjustment,2026-06-06T21:12,UT-VALVE-062,4,Completed
WMS-00002-4,SH-00002,W-MAN,Pick Started,2026-06-06T23:10,UT-VALVE-062,21,Open
WMS-00003-0,SH-00003,W-LON,ASN Received,2026-06-13T15:57,UT-SENSO-061,23,Completed
WMS-00003-1,SH-00003,W-MAN,Goods Received,2026-06-13T17:07,UT-SENSO-061,15,Completed
WMS-00003-2,SH-00003,W-MAN,Putaway Completed,2026-06-13T19:13,UT-SENSO-061,7,Completed
WMS-00004-0,SH-00004,W-LON,ASN Received,2026-06-07T18:36,UT-METER-055,20,Open
WMS-00004-1,SH-00004,W-COV,Goods Received,2026-06-07T20:11,UT-METER-055,9,Open
WMS-00004-2,SH-00004,W-MAN,Putaway Completed,2026-06-07T22:39,UT-METER-055,20,Exception
WMS-00004-3,SH-00004,W-LON,Stock Adjustment,2026-06-08T00:02,UT-METER-055,13,Open
WMS-00004-4,SH-00004,W-MAN,Pick Started,2026-06-08T02:03,UT-METER-055,24,Open
WMS-00004-5,SH-00004,W-GLA,Pick Completed,2026-06-08T04:57,UT-METER-055,12,Completed
WMS-00005-0,SH-00005,W-MAN,ASN Received,2026-06-16T18:17,UT-METER-039,12,Open
WMS-00005-1,SH-00005,W-LON,Goods Received,2026-06-16T20:40,UT-METER-039,4,Exception
WMS-00005-2,SH-00005,W-COV,Putaway Completed,2026-06-16T22:15,UT-METER-039,12,Open
WMS-00005-3,SH-00005,W-LON,Stock Adjustment,2026-06-17T00:11,UT-METER-039,16,Exception
WMS-00005-4,SH-00005,W-GLA,Pick Started,2026-06-17T02:22,UT-METER-039,6,Open
WMS-00005-5,SH-00005,W-COV,Pick Completed,2026-06-17T04:18,UT-METER-039,1,Open
WMS-00005-6,SH-00005,W-COV,Pack Completed,2026-06-17T06:10,UT-METER-039,19,Completed
WMS-00005-7,SH-00005,W-MAN,Shipment Created,2026-06-17T08:41,UT-METER-039,8,Exception
WMS-00006-0,SH-00006,W-COV,ASN Received,2026-06-17T08:21,UT-EV-035,9,Exception
WMS-00006-1,SH-00006,W-GLA,Goods Received,2026-06-17T10:55,UT-EV-035,9,Open
WMS-00006-2,SH-00006,W-GLA,Putaway Completed,2026-06-17T12:12,UT-EV-035,5,Exception
WMS-00006-3,SH-00006,W-MAN,Stock Adjustment,2026-06-17T14:57,UT-EV-035,2,Exception
WMS-00006-4,SH-00006,W-LON,Pick Started,2026-06-17T16:42,UT-EV-035,11,Exception
WMS-00006-5,SH-00006,W-MAN,Pick Completed,2026-06-17T18:46,UT-EV-035,1,Exception
WMS-00007-0,SH-00007,W-COV,ASN Received,2026-06-13T14:30,UT-SENSO-038,7,Exception
WMS-00007-1,SH-00007,W-COV,Goods Received,2026-06-13T16:55,UT-SENSO-038,22,Open
WMS-00007-2,SH-00007,W-GLA,Putaway Completed,2026-06-13T18:26,UT-SENSO-038,2,Completed
WMS-00008-0,SH-00008,W-MAN,ASN Received,2026-06-19T15:14,UT-BOILE-026,23,Open
WMS-00008-1,SH-00008,W-GLA,Goods Received,2026-06-19T17:08,UT-BOILE-026,4,Open
WMS-00008-2,SH-00008,W-GLA,Putaway Completed,2026-06-19T19:10,UT-BOILE-026,3,Completed
WMS-00008-3,SH-00008,W-GLA,Stock Adjustment,2026-06-19T21:18,UT-BOILE-026,15,Exception
WMS-00008-4,SH-00008,W-GLA,Pick Started,2026-06-19T23:27,UT-BOILE-026,22,Completed
WMS-00008-5,SH-00008,W-GLA,Pick Completed,2026-06-20T01:57,UT-BOILE-026,16,Open
WMS-00008-6,SH-00008,W-MAN,Pack Completed,2026-06-20T03:10,UT-BOILE-026,13,Completed
WMS-00008-7,SH-00008,W-MAN,Shipment Created,2026-06-20T05:14,UT-BOILE-026,24,Completed
WMS-00009-0,SH-00009,W-MAN,ASN Received,2026-06-06T09:49,UT-EV-003,9,Exception
WMS-00009-1,SH-00009,W-MAN,Goods Received,2026-06-06T11:22,UT-EV-003,23,Open
WMS-00009-2,SH-00009,W-GLA,Putaway Completed,2026-06-06T13:10,UT-EV-003,2,Exception
WMS-00009-3,SH-00009,W-LON,Stock Adjustment,2026-06-06T15:58,UT-EV-003,7,Exception
WMS-00009-4,SH-00009,W-LON,Pick Started,2026-06-06T17:21,UT-EV-003,8,Completed
WMS-00009-5,SH-00009,W-COV,Pick Completed,2026-06-06T19:42,UT-EV-003,3,Completed
WMS-00009-6,SH-00009,W-LON,Pack Completed,2026-06-06T21:09,UT-EV-003,3,Exception
WMS-00010-0,SH-00010,W-MAN,ASN Received,2026-06-15T12:44,UT-PIPEW-013,24,Completed
WMS-00010-1,SH-00010,W-MAN,Goods Received,2026-06-15T14:06,UT-PIPEW-013,14,Exception
WMS-00010-2,SH-00010,W-LON,Putaway Completed,2026-06-15T16:51,UT-PIPEW-013,19,Exception
WMS-00011-0,SH-00011,W-LON,ASN Received,2026-06-12T17:20,UT-PUMP-024,8,Open
WMS-00011-1,SH-00011,W-GLA,Goods Received,2026-06-12T19:03,UT-PUMP-024,17,Completed
WMS-00011-2,SH-00011,W-LON,Putaway Completed,2026-06-12T21:25,UT-PUMP-024,8,Completed
WMS-00012-0,SH-00012,W-GLA,ASN Received,2026-06-03T15:35,UT-BOILE-057,17,Open
WMS-00012-1,SH-00012,W-COV,Goods Received,2026-06-03T17:02,UT-BOILE-057,6,Open
WMS-00012-2,SH-00012,W-MAN,Putaway Completed,2026-06-03T19:52,UT-BOILE-057,23,Exception
WMS-00012-3,SH-00012,W-LON,Stock Adjustment,2026-06-03T21:06,UT-BOILE-057,9,Exception
WMS-00012-4,SH-00012,W-MAN,Pick Started,2026-06-03T23:12,UT-BOILE-057,4,Open
WMS-00012-5,SH-00012,W-MAN,Pick Completed,2026-06-04T01:29,UT-BOILE-057,7,Exception
WMS-00012-6,SH-00012,W-GLA,Pack Completed,2026-06-04T03:06,UT-BOILE-057,14,Completed
WMS-00012-7,SH-00012,W-COV,Shipment Created,2026-06-04T05:49,UT-BOILE-057,15,Open
WMS-00013-0,SH-00013,W-MAN,ASN Received,2026-06-16T08:45,UT-PIPEW-076,21,Completed
WMS-00013-1,SH-00013,W-GLA,Goods Received,2026-06-16T10:45,UT-PIPEW-076,4,Open
WMS-00013-2,SH-00013,W-LON,Putaway Completed,2026-06-16T12:37,UT-PIPEW-076,19,Exception
WMS-00013-3,SH-00013,W-LON,Stock Adjustment,2026-06-16T14:43,UT-PIPEW-076,24,Exception
WMS-00013-4,SH-00013,W-GLA,Pick Started,2026-06-16T16:56,UT-PIPEW-076,14,Completed
WMS-00013-5,SH-00013,W-COV,Pick Completed,2026-06-16T18:01,UT-PIPEW-076,13,Completed
WMS-00013-6,SH-00013,W-COV,Pack Completed,2026-06-16T20:42,UT-PIPEW-076,2,Completed
WMS-00013-7,SH-00013,W-GLA,Shipment Created,2026-06-16T22:48,UT-PIPEW-076,6,Open
WMS-00014-0,SH-00014,W-LON,ASN Received,2026-06-10T11:11,UT-VALVE-033,22,Completed
WMS-00014-1,SH-00014,W-MAN,Goods Received,2026-06-10T13:11,UT-VALVE-033,24,Exception
WMS-00014-2,SH-00014,W-COV,Putaway Completed,2026-06-10T15:24,UT-VALVE-033,2,Open
WMS-00014-3,SH-00014,W-GLA,Stock Adjustment,2026-06-10T17:35,UT-VALVE-033,9,Completed
WMS-00014-4,SH-00014,W-MAN,Pick Started,2026-06-10T19:37,UT-VALVE-033,9,Completed
WMS-00015-0,SH-00015,W-COV,ASN Received,2026-06-02T10:24,UT-SENSO-060,9,Exception
WMS-00015-1,SH-00015,W-GLA,Goods Received,2026-06-02T12:01,UT-SENSO-060,17,Open
WMS-00015-2,SH-00015,W-LON,Putaway Completed,2026-06-02T14:31,UT-SENSO-060,2,Open
WMS-00015-3,SH-00015,W-MAN,Stock Adjustment,2026-06-02T16:20,UT-SENSO-060,17,Completed
WMS-00015-4,SH-00015,W-COV,Pick Started,2026-06-02T18:10,UT-SENSO-060,18,Exception
WMS-00015-5,SH-00015,W-COV,Pick Completed,2026-06-02T20:40,UT-SENSO-060,3,Completed
WMS-00016-0,SH-00016,W-COV,ASN Received,2026-06-04T11:18,UT-PUMP-081,22,Open
WMS-00016-1,SH-00016,W-COV,Goods Received,2026-06-04T13:18,UT-PUMP-081,15,Open
WMS-00016-2,SH-00016,W-LON,Putaway Completed,2026-06-04T15:52,UT-PUMP-081,22,Completed
WMS-00016-3,SH-00016,W-LON,Stock Adjustment,2026-06-04T17:10,UT-PUMP-081,18,Completed
WMS-00016-4,SH-00016,W-MAN,Pick Started,2026-06-04T19:47,UT-PUMP-081,13,Exception
WMS-00017-0,SH-00017,W-LON,ASN Received,2026-06-21T13:21,UT-EV-082,12,Completed
WMS-00017-1,SH-00017,W-MAN,Goods Received,2026-06-21T15:06,UT-EV-082,10,Exception
WMS-00017-2,SH-00017,W-COV,Putaway Completed,2026-06-21T17:57,UT-EV-082,7,Open
WMS-00017-3,SH-00017,W-LON,Stock Adjustment,2026-06-21T19:28,UT-EV-082,11,Exception
WMS-00017-4,SH-00017,W-GLA,Pick Started,2026-06-21T21:44,UT-EV-082,19,Completed
WMS-00017-5,SH-00017,W-GLA,Pick Completed,2026-06-21T23:51,UT-EV-082,11,Open
WMS-00017-6,SH-00017,W-MAN,Pack Completed,2026-06-22T01:00,UT-EV-082,11,Completed
WMS-00017-7,SH-00017,W-MAN,Shipment Created,2026-06-22T03:45,UT-EV-082,24,Exception
WMS-00018-0,SH-00018,W-COV,ASN Received,2026-06-11T15:25,UT-BOILE-036,12,Exception
WMS-00018-1,SH-00018,W-COV,Goods Received,2026-06-11T17:42,UT-BOILE-036,8,Exception
WMS-00018-2,SH-00018,W-MAN,Putaway Completed,2026-06-11T19:48,UT-BOILE-036,17,Completed
WMS-00018-3,SH-00018,W-LON,Stock Adjustment,2026-06-11T21:10,UT-BOILE-036,6,Exception
WMS-00018-4,SH-00018,W-MAN,Pick Started,2026-06-11T23:47,UT-BOILE-036,24,Open
WMS-00018-5,SH-00018,W-GLA,Pick Completed,2026-06-12T01:02,UT-BOILE-036,8,Open
WMS-00018-6,SH-00018,W-MAN,Pack Completed,2026-06-12T03:04,UT-BOILE-036,9,Open
WMS-00019-0,SH-00019,W-MAN,ASN Received,2026-06-17T13:23,UT-EV-006,20,Exception
WMS-00019-1,SH-00019,W-COV,Goods Received,2026-06-17T15:42,UT-EV-006,8,Open
WMS-00019-2,SH-00019,W-GLA,Putaway Completed,2026-06-17T17:46,UT-EV-006,4,Open
WMS-00019-3,SH-00019,W-LON,Stock Adjustment,2026-06-17T19:30,UT-EV-006,7,Exception
WMS-00020-0,SH-00020,W-LON,ASN Received,2026-06-08T08:24,UT-PIPEW-083,5,Completed
WMS-00020-1,SH-00020,W-COV,Goods Received,2026-06-08T10:12,UT-PIPEW-083,17,Exception
WMS-00020-2,SH-00020,W-LON,Putaway Completed,2026-06-08T12:52,UT-PIPEW-083,5,Exception
WMS-00020-3,SH-00020,W-COV,Stock Adjustment,2026-06-08T14:11,UT-PIPEW-083,16,Exception
WMS-00021-0,SH-00021,W-MAN,ASN Received,2026-06-04T09:44,UT-BOILE-005,11,Open
WMS-00021-1,SH-00021,W-GLA,Goods Received,2026-06-04T11:06,UT-BOILE-005,5,Open
WMS-00021-2,SH-00021,W-GLA,Putaway Completed,2026-06-04T13:16,UT-BOILE-005,18,Open
WMS-00021-3,SH-00021,W-GLA,Stock Adjustment,2026-06-04T15:39,UT-BOILE-005,9,Exception
WMS-00021-4,SH-00021,W-LON,Pick Started,2026-06-04T17:48,UT-BOILE-005,7,Open
WMS-00021-5,SH-00021,W-LON,Pick Completed,2026-06-04T19:11,UT-BOILE-005,12,Exception
WMS-00022-0,SH-00022,W-COV,ASN Received,2026-06-19T13:49,UT-VALVE-062,6,Exception
WMS-00022-1,SH-00022,W-LON,Goods Received,2026-06-19T15:28,UT-VALVE-062,1,Completed
WMS-00022-2,SH-00022,W-GLA,Putaway Completed,2026-06-19T17:12,UT-VALVE-062,2,Exception
WMS-00022-3,SH-00022,W-MAN,Stock Adjustment,2026-06-19T19:39,UT-VALVE-062,6,Exception
WMS-00022-4,SH-00022,W-COV,Pick Started,2026-06-19T21:23,UT-VALVE-062,8,Exception
WMS-00022-5,SH-00022,W-COV,Pick Completed,2026-06-19T23:10,UT-VALVE-062,3,Open
WMS-00022-6,SH-00022,W-LON,Pack Completed,2026-06-20T01:22,UT-VALVE-062,22,Open
WMS-00022-7,SH-00022,W-LON,Shipment Created,2026-06-20T03:37,UT-VALVE-062,7,Exception
WMS-00023-0,SH-00023,W-COV,ASN Received,2026-06-18T17:24,UT-PIPEW-009,21,Completed
WMS-00023-1,SH-00023,W-MAN,Goods Received,2026-06-18T19:51,UT-PIPEW-009,11,Open
WMS-00023-2,SH-00023,W-GLA,Putaway Completed,2026-06-18T21:33,UT-PIPEW-009,18,Completed
WMS-00023-3,SH-00023,W-GLA,Stock Adjustment,2026-06-18T23:15,UT-PIPEW-009,10,Completed
WMS-00023-4,SH-00023,W-LON,Pick Started,2026-06-19T01:43,UT-PIPEW-009,24,Open
WMS-00024-0,SH-00024,W-GLA,ASN Received,2026-06-11T13:25,UT-PUMP-071,8,Exception
WMS-00024-1,SH-00024,W-MAN,Goods Received,2026-06-11T15:03,UT-PUMP-071,17,Open
WMS-00024-2,SH-00024,W-LON,Putaway Completed,2026-06-11T17:34,UT-PUMP-071,2,Exception
WMS-00024-3,SH-00024,W-GLA,Stock Adjustment,2026-06-11T19:25,UT-PUMP-071,22,Completed
WMS-00024-4,SH-00024,W-LON,Pick Started,2026-06-11T21:07,UT-PUMP-071,23,Exception
WMS-00024-5,SH-00024,W-LON,Pick Completed,2026-06-11T23:20,UT-PUMP-071,23,Completed
WMS-00024-6,SH-00024,W-COV,Pack Completed,2026-06-12T01:43,UT-PUMP-071,7,Open
WMS-00025-0,SH-00025,W-COV,ASN Received,2026-06-20T12:25,UT-PIPEW-013,4,Exception
WMS-00025-1,SH-00025,W-MAN,Goods Received,2026-06-20T14:03,UT-PIPEW-013,7,Open
WMS-00025-2,SH-00025,W-LON,Putaway Completed,2026-06-20T16:53,UT-PIPEW-013,21,Completed
WMS-00025-3,SH-00025,W-LON,Stock Adjustment,2026-06-20T18:47,UT-PIPEW-013,11,Open
WMS-00025-4,SH-00025,W-GLA,Pick Started,2026-06-20T20:23,UT-PIPEW-013,18,Exception
WMS-00026-0,SH-00026,W-LON,ASN Received,2026-06-04T13:26,UT-PUMP-045,6,Completed
WMS-00026-1,SH-00026,W-COV,Goods Received,2026-06-04T15:08,UT-PUMP-045,24,Completed
WMS-00026-2,SH-00026,W-GLA,Putaway Completed,2026-06-04T17:47,UT-PUMP-045,23,Exception
WMS-00026-3,SH-00026,W-COV,Stock Adjustment,2026-06-04T19:13,UT-PUMP-045,6,Open
WMS-00026-4,SH-00026,W-COV,Pick Started,2026-06-04T21:06,UT-PUMP-045,3,Open
WMS-00027-0,SH-00027,W-LON,ASN Received,2026-06-17T09:19,UT-PIPEW-007,12,Open
WMS-00027-1,SH-00027,W-GLA,Goods Received,2026-06-17T11:09,UT-PIPEW-007,10,Completed
WMS-00027-2,SH-00027,W-COV,Putaway Completed,2026-06-17T13:33,UT-PIPEW-007,5,Open
WMS-00028-0,SH-00028,W-LON,ASN Received,2026-06-16T15:17,UT-SENSO-061,23,Exception
WMS-00028-1,SH-00028,W-LON,Goods Received,2026-06-16T17:12,UT-SENSO-061,11,Completed
WMS-00028-2,SH-00028,W-MAN,Putaway Completed,2026-06-16T19:03,UT-SENSO-061,18,Completed
WMS-00028-3,SH-00028,W-MAN,Stock Adjustment,2026-06-16T21:06,UT-SENSO-061,10,Open
WMS-00028-4,SH-00028,W-MAN,Pick Started,2026-06-16T23:45,UT-SENSO-061,15,Exception
WMS-00028-5,SH-00028,W-COV,Pick Completed,2026-06-17T01:14,UT-SENSO-061,3,Completed
WMS-00028-6,SH-00028,W-COV,Pack Completed,2026-06-17T03:31,UT-SENSO-061,7,Open
WMS-00029-0,SH-00029,W-GLA,ASN Received,2026-06-15T08:12,UT-BOILE-040,12,Completed
WMS-00029-1,SH-00029,W-MAN,Goods Received,2026-06-15T10:07,UT-BOILE-040,8,Exception
WMS-00029-2,SH-00029,W-LON,Putaway Completed,2026-06-15T12:20,UT-BOILE-040,1,Completed
WMS-00029-3,SH-00029,W-GLA,Stock Adjustment,2026-06-15T14:37,UT-BOILE-040,4,Open
WMS-00029-4,SH-00029,W-MAN,Pick Started,2026-06-15T16:00,UT-BOILE-040,2,Exception
WMS-00029-5,SH-00029,W-LON,Pick Completed,2026-06-15T18:44,UT-BOILE-040,20,Completed
WMS-00029-6,SH-00029,W-GLA,Pack Completed,2026-06-15T20:49,UT-BOILE-040,3,Completed
WMS-00029-7,SH-00029,W-MAN,Shipment Created,2026-06-15T22:31,UT-BOILE-040,3,Exception
WMS-00030-0,SH-00030,W-GLA,ASN Received,2026-06-02T13:29,UT-METER-044,1,Exception
WMS-00030-1,SH-00030,W-LON,Goods Received,2026-06-02T15:46,UT-METER-044,6,Completed
WMS-00030-2,SH-00030,W-GLA,Putaway Completed,2026-06-02T17:49,UT-METER-044,20,Completed
WMS-00030-3,SH-00030,W-GLA,Stock Adjustment,2026-06-02T19:46,UT-METER-044,3,Exception
WMS-00030-4,SH-00030,W-LON,Pick Started,2026-06-02T21:12,UT-METER-044,17,Exception
WMS-00031-0,SH-00031,W-GLA,ASN Received,2026-06-11T14:33,UT-PUMP-071,2,Exception
WMS-00031-1,SH-00031,W-COV,Goods Received,2026-06-11T16:53,UT-PUMP-071,10,Completed
WMS-00031-2,SH-00031,W-MAN,Putaway Completed,2026-06-11T18:33,UT-PUMP-071,4,Completed
WMS-00031-3,SH-00031,W-MAN,Stock Adjustment,2026-06-11T20:34,UT-PUMP-071,13,Completed
WMS-00031-4,SH-00031,W-MAN,Pick Started,2026-06-11T22:33,UT-PUMP-071,22,Completed
WMS-00031-5,SH-00031,W-MAN,Pick Completed,2026-06-12T00:35,UT-PUMP-071,24,Exception
WMS-00031-6,SH-00031,W-LON,Pack Completed,2026-06-12T02:47,UT-PUMP-071,4,Exception
WMS-00032-0,SH-00032,W-MAN,ASN Received,2026-06-14T09:56,UT-PUMP-046,10,Completed
WMS-00032-1,SH-00032,W-GLA,Goods Received,2026-06-14T11:14,UT-PUMP-046,7,Open
WMS-00032-2,SH-00032,W-COV,Putaway Completed,2026-06-14T13:49,UT-PUMP-046,23,Open
WMS-00032-3,SH-00032,W-MAN,Stock Adjustment,2026-06-14T15:06,UT-PUMP-046,2,Open
WMS-00032-4,SH-00032,W-GLA,Pick Started,2026-06-14T17:09,UT-PUMP-046,5,Open
WMS-00032-5,SH-00032,W-GLA,Pick Completed,2026-06-14T19:56,UT-PUMP-046,19,Completed
WMS-00032-6,SH-00032,W-MAN,Pack Completed,2026-06-14T21:16,UT-PUMP-046,10,Completed
WMS-00033-0,SH-00033,W-LON,ASN Received,2026-06-03T13:28,UT-SENSO-052,20,Exception
WMS-00033-1,SH-00033,W-COV,Goods Received,2026-06-03T15:14,UT-SENSO-052,14,Open
WMS-00033-2,SH-00033,W-LON,Putaway Completed,2026-06-03T17:09,UT-SENSO-052,5,Open
WMS-00033-3,SH-00033,W-COV,Stock Adjustment,2026-06-03T19:30,UT-SENSO-052,19,Exception
WMS-00033-4,SH-00033,W-COV,Pick Started,2026-06-03T21:35,UT-SENSO-052,13,Open
WMS-00033-5,SH-00033,W-COV,Pick Completed,2026-06-03T23:25,UT-SENSO-052,17,Open
WMS-00033-6,SH-00033,W-MAN,Pack Completed,2026-06-04T01:48,UT-SENSO-052,5,Open
WMS-00033-7,SH-00033,W-MAN,Shipment Created,2026-06-04T03:31,UT-SENSO-052,13,Exception
WMS-00034-0,SH-00034,W-COV,ASN Received,2026-06-08T11:19,UT-BOILE-026,15,Open
WMS-00034-1,SH-00034,W-COV,Goods Received,2026-06-08T13:21,UT-BOILE-026,7,Exception
WMS-00034-2,SH-00034,W-MAN,Putaway Completed,2026-06-08T15:13,UT-BOILE-026,18,Exception
WMS-00034-3,SH-00034,W-GLA,Stock Adjustment,2026-06-08T17:35,UT-BOILE-026,16,Exception
WMS-00034-4,SH-00034,W-MAN,Pick Started,2026-06-08T19:44,UT-BOILE-026,23,Exception
WMS-00035-0,SH-00035,W-GLA,ASN Received,2026-06-02T12:43,UT-VALVE-049,12,Open
WMS-00035-1,SH-00035,W-GLA,Goods Received,2026-06-02T14:15,UT-VALVE-049,17,Open
WMS-00035-2,SH-00035,W-COV,Putaway Completed,2026-06-02T16:40,UT-VALVE-049,9,Open
WMS-00036-0,SH-00036,W-COV,ASN Received,2026-06-05T13:48,UT-SENSO-072,11,Open
WMS-00036-1,SH-00036,W-LON,Goods Received,2026-06-05T15:19,UT-SENSO-072,15,Exception
WMS-00036-2,SH-00036,W-GLA,Putaway Completed,2026-06-05T17:09,UT-SENSO-072,7,Completed
WMS-00036-3,SH-00036,W-MAN,Stock Adjustment,2026-06-05T19:11,UT-SENSO-072,1,Exception
WMS-00036-4,SH-00036,W-GLA,Pick Started,2026-06-05T21:38,UT-SENSO-072,19,Exception
WMS-00036-5,SH-00036,W-MAN,Pick Completed,2026-06-05T23:38,UT-SENSO-072,8,Completed
WMS-00036-6,SH-00036,W-COV,Pack Completed,2026-06-06T01:22,UT-SENSO-072,3,Exception
WMS-00036-7,SH-00036,W-LON,Shipment Created,2026-06-06T03:08,UT-SENSO-072,17,Exception
WMS-00037-0,SH-00037,W-LON,ASN Received,2026-06-13T15:33,UT-BOILE-084,21,Completed
WMS-00037-1,SH-00037,W-MAN,Goods Received,2026-06-13T17:18,UT-BOILE-084,15,Open
WMS-00037-2,SH-00037,W-GLA,Putaway Completed,2026-06-13T19:49,UT-BOILE-084,10,Open
WMS-00037-3,SH-00037,W-MAN,Stock Adjustment,2026-06-13T21:27,UT-BOILE-084,10,Exception
WMS-00037-4,SH-00037,W-COV,Pick Started,2026-06-13T23:44,UT-BOILE-084,17,Completed
WMS-00037-5,SH-00037,W-LON,Pick Completed,2026-06-14T01:53,UT-BOILE-084,21,Open
WMS-00037-6,SH-00037,W-COV,Pack Completed,2026-06-14T03:46,UT-BOILE-084,17,Completed
WMS-00038-0,SH-00038,W-GLA,ASN Received,2026-06-05T14:19,UT-PIPEW-075,24,Open
WMS-00038-1,SH-00038,W-GLA,Goods Received,2026-06-05T16:40,UT-PIPEW-075,6,Completed
WMS-00038-2,SH-00038,W-MAN,Putaway Completed,2026-06-05T18:12,UT-PIPEW-075,1,Exception
WMS-00038-3,SH-00038,W-GLA,Stock Adjustment,2026-06-05T20:00,UT-PIPEW-075,15,Open
WMS-00038-4,SH-00038,W-LON,Pick Started,2026-06-05T22:34,UT-PIPEW-075,1,Exception
WMS-00038-5,SH-00038,W-LON,Pick Completed,2026-06-06T00:15,UT-PIPEW-075,7,Exception
WMS-00039-0,SH-00039,W-LON,ASN Received,2026-06-15T09:53,UT-SENSO-061,18,Completed
WMS-00039-1,SH-00039,W-GLA,Goods Received,2026-06-15T11:30,UT-SENSO-061,5,Completed
WMS-00039-2,SH-00039,W-GLA,Putaway Completed,2026-06-15T13:21,UT-SENSO-061,17,Open
WMS-00040-0,SH-00040,W-COV,ASN Received,2026-06-20T08:21,UT-EV-027,12,Exception
WMS-00040-1,SH-00040,W-MAN,Goods Received,2026-06-20T10:00,UT-EV-027,21,Completed
WMS-00040-2,SH-00040,W-GLA,Putaway Completed,2026-06-20T12:16,UT-EV-027,3,Open
WMS-00040-3,SH-00040,W-GLA,Stock Adjustment,2026-06-20T14:32,UT-EV-027,18,Open
WMS-00040-4,SH-00040,W-COV,Pick Started,2026-06-20T16:07,UT-EV-027,22,Open
WMS-00040-5,SH-00040,W-GLA,Pick Completed,2026-06-20T18:25,UT-EV-027,24,Exception
WMS-00041-0,SH-00041,W-COV,ASN Received,2026-06-11T13:17,UT-BOILE-004,14,Completed
WMS-00041-1,SH-00041,W-LON,Goods Received,2026-06-11T15:56,UT-BOILE-004,8,Open
WMS-00041-2,SH-00041,W-LON,Putaway Completed,2026-06-11T17:53,UT-BOILE-004,10,Completed
WMS-00041-3,SH-00041,W-GLA,Stock Adjustment,2026-06-11T19:11,UT-BOILE-004,4,Open
WMS-00041-4,SH-00041,W-COV,Pick Started,2026-06-11T21:49,UT-BOILE-004,7,Completed
WMS-00041-5,SH-00041,W-LON,Pick Completed,2026-06-11T23:32,UT-BOILE-004,1,Open
WMS-00041-6,SH-00041,W-MAN,Pack Completed,2026-06-12T01:12,UT-BOILE-004,11,Open
WMS-00041-7,SH-00041,W-GLA,Shipment Created,2026-06-12T03:49,UT-BOILE-004,11,Completed
WMS-00042-0,SH-00042,W-GLA,ASN Received,2026-06-07T08:35,UT-BOILE-067,11,Open
WMS-00042-1,SH-00042,W-MAN,Goods Received,2026-06-07T10:45,UT-BOILE-067,10,Exception
WMS-00042-2,SH-00042,W-MAN,Putaway Completed,2026-06-07T12:10,UT-BOILE-067,3,Open
WMS-00042-3,SH-00042,W-GLA,Stock Adjustment,2026-06-07T14:34,UT-BOILE-067,15,Completed
WMS-00043-0,SH-00043,W-COV,ASN Received,2026-06-04T14:30,UT-BOILE-004,4,Open
WMS-00043-1,SH-00043,W-LON,Goods Received,2026-06-04T16:29,UT-BOILE-004,6,Open
WMS-00043-2,SH-00043,W-GLA,Putaway Completed,2026-06-04T18:38,UT-BOILE-004,19,Completed
WMS-00044-0,SH-00044,W-LON,ASN Received,2026-06-11T16:04,UT-PIPEW-014,20,Completed
WMS-00044-1,SH-00044,W-LON,Goods Received,2026-06-11T18:20,UT-PIPEW-014,16,Exception
WMS-00044-2,SH-00044,W-COV,Putaway Completed,2026-06-11T20:05,UT-PIPEW-014,7,Completed
WMS-00044-3,SH-00044,W-COV,Stock Adjustment,2026-06-11T22:48,UT-PIPEW-014,5,Exception
WMS-00044-4,SH-00044,W-MAN,Pick Started,2026-06-12T00:28,UT-PIPEW-014,18,Open
WMS-00045-0,SH-00045,W-MAN,ASN Received,2026-06-07T11:12,UT-SENSO-079,18,Open
WMS-00045-1,SH-00045,W-GLA,Goods Received,2026-06-07T13:53,UT-SENSO-079,14,Completed
WMS-00045-2,SH-00045,W-GLA,Putaway Completed,2026-06-07T15:55,UT-SENSO-079,22,Completed
WMS-00045-3,SH-00045,W-MAN,Stock Adjustment,2026-06-07T17:00,UT-SENSO-079,3,Exception
WMS-00045-4,SH-00045,W-COV,Pick Started,2026-06-07T19:09,UT-SENSO-079,24,Open
WMS-00045-5,SH-00045,W-LON,Pick Completed,2026-06-07T21:08,UT-SENSO-079,3,Completed
WMS-00046-0,SH-00046,W-COV,ASN Received,2026-06-20T10:43,UT-METER-054,21,Exception
WMS-00046-1,SH-00046,W-GLA,Goods Received,2026-06-20T12:39,UT-METER-054,2,Open
WMS-00046-2,SH-00046,W-COV,Putaway Completed,2026-06-20T14:30,UT-METER-054,15,Exception
WMS-00046-3,SH-00046,W-LON,Stock Adjustment,2026-06-20T16:36,UT-METER-054,24,Open
WMS-00046-4,SH-00046,W-LON,Pick Started,2026-06-20T18:22,UT-METER-054,10,Open
WMS-00046-5,SH-00046,W-MAN,Pick Completed,2026-06-20T20:02,UT-METER-054,23,Exception
WMS-00046-6,SH-00046,W-GLA,Pack Completed,2026-06-20T22:46,UT-METER-054,19,Open
WMS-00046-7,SH-00046,W-COV,Shipment Created,2026-06-21T00:40,UT-METER-054,16,Exception
WMS-00047-0,SH-00047,W-GLA,ASN Received,2026-06-20T08:48,UT-PUMP-074,4,Completed
WMS-00047-1,SH-00047,W-MAN,Goods Received,2026-06-20T10:29,UT-PUMP-074,13,Open
WMS-00047-2,SH-00047,W-GLA,Putaway Completed,2026-06-20T12:30,UT-PUMP-074,24,Exception
WMS-00048-0,SH-00048,W-COV,ASN Received,2026-06-16T12:26,UT-VALVE-049,4,Exception
WMS-00048-1,SH-00048,W-COV,Goods Received,2026-06-16T14:43,UT-VALVE-049,15,Open
WMS-00048-2,SH-00048,W-MAN,Putaway Completed,2026-06-16T16:46,UT-VALVE-049,10,Open
WMS-00049-0,SH-00049,W-LON,ASN Received,2026-06-02T17:11,UT-BOILE-005,21,Open
WMS-00049-1,SH-00049,W-COV,Goods Received,2026-06-02T19:09,UT-BOILE-005,18,Open
WMS-00049-2,SH-00049,W-MAN,Putaway Completed,2026-06-02T21:39,UT-BOILE-005,21,Completed
WMS-00049-3,SH-00049,W-LON,Stock Adjustment,2026-06-02T23:45,UT-BOILE-005,9,Completed
WMS-00049-4,SH-00049,W-COV,Pick Started,2026-06-03T01:04,UT-BOILE-005,3,Exception
WMS-00049-5,SH-00049,W-GLA,Pick Completed,2026-06-03T03:49,UT-BOILE-005,15,Completed
WMS-00049-6,SH-00049,W-LON,Pack Completed,2026-06-03T05:09,UT-BOILE-005,21,Exception
WMS-00050-0,SH-00050,W-LON,ASN Received,2026-06-09T10:57,UT-BOILE-005,4,Exception
WMS-00050-1,SH-00050,W-GLA,Goods Received,2026-06-09T12:31,UT-BOILE-005,3,Exception
WMS-00050-2,SH-00050,W-LON,Putaway Completed,2026-06-09T14:47,UT-BOILE-005,7,Completed
WMS-00050-3,SH-00050,W-COV,Stock Adjustment,2026-06-09T16:12,UT-BOILE-005,1,Exception
WMS-00050-4,SH-00050,W-MAN,Pick Started,2026-06-09T18:31,UT-BOILE-005,13,Completed
WMS-00051-0,SH-00051,W-MAN,ASN Received,2026-06-18T15:04,UT-PIPEW-083,7,Open
WMS-00051-1,SH-00051,W-GLA,Goods Received,2026-06-18T17:51,UT-PIPEW-083,24,Exception
WMS-00051-2,SH-00051,W-LON,Putaway Completed,2026-06-18T19:20,UT-PIPEW-083,4,Exception
WMS-00051-3,SH-00051,W-MAN,Stock Adjustment,2026-06-18T21:20,UT-PIPEW-083,7,Completed
WMS-00051-4,SH-00051,W-MAN,Pick Started,2026-06-18T23:21,UT-PIPEW-083,3,Completed
WMS-00051-5,SH-00051,W-GLA,Pick Completed,2026-06-19T01:09,UT-PIPEW-083,14,Completed
WMS-00052-0,SH-00052,W-GLA,ASN Received,2026-06-15T11:22,UT-PIPEW-048,14,Completed
WMS-00052-1,SH-00052,W-MAN,Goods Received,2026-06-15T13:12,UT-PIPEW-048,4,Exception
WMS-00052-2,SH-00052,W-COV,Putaway Completed,2026-06-15T15:39,UT-PIPEW-048,12,Exception
WMS-00052-3,SH-00052,W-MAN,Stock Adjustment,2026-06-15T17:29,UT-PIPEW-048,21,Exception
WMS-00052-4,SH-00052,W-MAN,Pick Started,2026-06-15T19:17,UT-PIPEW-048,2,Completed
WMS-00052-5,SH-00052,W-COV,Pick Completed,2026-06-15T21:50,UT-PIPEW-048,5,Exception
WMS-00052-6,SH-00052,W-LON,Pack Completed,2026-06-15T23:31,UT-PIPEW-048,6,Completed
WMS-00052-7,SH-00052,W-COV,Shipment Created,2026-06-16T01:03,UT-PIPEW-048,21,Open
WMS-00053-0,SH-00053,W-LON,ASN Received,2026-06-11T17:11,UT-EV-027,13,Open
WMS-00053-1,SH-00053,W-MAN,Goods Received,2026-06-11T19:29,UT-EV-027,24,Completed
WMS-00053-2,SH-00053,W-GLA,Putaway Completed,2026-06-11T21:17,UT-EV-027,7,Open
WMS-00053-3,SH-00053,W-MAN,Stock Adjustment,2026-06-11T23:02,UT-EV-027,23,Exception
WMS-00054-0,SH-00054,W-LON,ASN Received,2026-06-15T15:30,UT-BOILE-036,23,Completed
WMS-00054-1,SH-00054,W-LON,Goods Received,2026-06-15T17:31,UT-BOILE-036,8,Completed
WMS-00054-2,SH-00054,W-COV,Putaway Completed,2026-06-15T19:44,UT-BOILE-036,24,Open
WMS-00054-3,SH-00054,W-MAN,Stock Adjustment,2026-06-15T21:08,UT-BOILE-036,12,Open
WMS-00054-4,SH-00054,W-MAN,Pick Started,2026-06-15T23:41,UT-BOILE-036,3,Completed
WMS-00054-5,SH-00054,W-LON,Pick Completed,2026-06-16T01:42,UT-BOILE-036,10,Completed
WMS-00055-0,SH-00055,W-MAN,ASN Received,2026-06-15T15:08,UT-BOILE-059,11,Completed
WMS-00055-1,SH-00055,W-COV,Goods Received,2026-06-15T17:41,UT-BOILE-059,16,Exception
WMS-00055-2,SH-00055,W-MAN,Putaway Completed,2026-06-15T19:48,UT-BOILE-059,24,Completed
WMS-00055-3,SH-00055,W-GLA,Stock Adjustment,2026-06-15T21:22,UT-BOILE-059,9,Exception
WMS-00055-4,SH-00055,W-LON,Pick Started,2026-06-15T23:17,UT-BOILE-059,2,Completed
WMS-00055-5,SH-00055,W-GLA,Pick Completed,2026-06-16T01:22,UT-BOILE-059,15,Open
WMS-00055-6,SH-00055,W-COV,Pack Completed,2026-06-16T03:30,UT-BOILE-059,23,Exception
WMS-00056-0,SH-00056,W-GLA,ASN Received,2026-06-20T13:41,UT-PUMP-069,21,Open
WMS-00056-1,SH-00056,W-LON,Goods Received,2026-06-20T15:37,UT-PUMP-069,22,Exception
WMS-00056-2,SH-00056,W-LON,Putaway Completed,2026-06-20T17:29,UT-PUMP-069,10,Exception
WMS-00056-3,SH-00056,W-MAN,Stock Adjustment,2026-06-20T19:57,UT-PUMP-069,10,Completed
WMS-00056-4,SH-00056,W-GLA,Pick Started,2026-06-20T21:14,UT-PUMP-069,16,Open
WMS-00056-5,SH-00056,W-GLA,Pick Completed,2026-06-20T23:49,UT-PUMP-069,2,Completed
WMS-00057-0,SH-00057,W-GLA,ASN Received,2026-06-20T10:48,UT-PUMP-037,19,Exception
WMS-00057-1,SH-00057,W-MAN,Goods Received,2026-06-20T12:51,UT-PUMP-037,19,Exception
WMS-00057-2,SH-00057,W-LON,Putaway Completed,2026-06-20T14:21,UT-PUMP-037,23,Completed
WMS-00057-3,SH-00057,W-LON,Stock Adjustment,2026-06-20T16:57,UT-PUMP-037,2,Completed
WMS-00057-4,SH-00057,W-COV,Pick Started,2026-06-20T18:19,UT-PUMP-037,1,Open
WMS-00057-5,SH-00057,W-MAN,Pick Completed,2026-06-20T20:28,UT-PUMP-037,12,Completed
WMS-00058-0,SH-00058,W-LON,ASN Received,2026-06-19T16:46,UT-EV-008,14,Completed
WMS-00058-1,SH-00058,W-COV,Goods Received,2026-06-19T18:09,UT-EV-008,7,Open
WMS-00058-2,SH-00058,W-LON,Putaway Completed,2026-06-19T20:55,UT-EV-008,17,Open
WMS-00058-3,SH-00058,W-COV,Stock Adjustment,2026-06-19T22:59,UT-EV-008,19,Open
WMS-00059-0,SH-00059,W-LON,ASN Received,2026-06-14T10:36,UT-METER-001,14,Open
WMS-00059-1,SH-00059,W-LON,Goods Received,2026-06-14T12:44,UT-METER-001,4,Open
WMS-00059-2,SH-00059,W-COV,Putaway Completed,2026-06-14T14:54,UT-METER-001,9,Completed
WMS-00059-3,SH-00059,W-COV,Stock Adjustment,2026-06-14T16:09,UT-METER-001,11,Open
WMS-00059-4,SH-00059,W-MAN,Pick Started,2026-06-14T18:22,UT-METER-001,6,Completed
WMS-00059-5,SH-00059,W-GLA,Pick Completed,2026-06-14T20:23,UT-METER-001,14,Exception
WMS-00059-6,SH-00059,W-GLA,Pack Completed,2026-06-14T22:03,UT-METER-001,10,Open
WMS-00060-0,SH-00060,W-COV,ASN Received,2026-06-07T18:52,UT-EV-082,5,Completed
WMS-00060-1,SH-00060,W-LON,Goods Received,2026-06-07T20:22,UT-EV-082,10,Exception
WMS-00060-2,SH-00060,W-GLA,Putaway Completed,2026-06-07T22:08,UT-EV-082,15,Exception
WMS-00061-0,SH-00061,W-GLA,ASN Received,2026-06-01T09:37,UT-METER-044,12,Open
WMS-00061-1,SH-00061,W-MAN,Goods Received,2026-06-01T11:54,UT-METER-044,17,Exception
WMS-00061-2,SH-00061,W-MAN,Putaway Completed,2026-06-01T13:32,UT-METER-044,19,Completed
WMS-00061-3,SH-00061,W-COV,Stock Adjustment,2026-06-01T15:52,UT-METER-044,19,Completed
WMS-00061-4,SH-00061,W-MAN,Pick Started,2026-06-01T17:45,UT-METER-044,7,Open
WMS-00061-5,SH-00061,W-MAN,Pick Completed,2026-06-01T19:57,UT-METER-044,18,Completed
WMS-00061-6,SH-00061,W-COV,Pack Completed,2026-06-01T21:59,UT-METER-044,7,Exception
WMS-00061-7,SH-00061,W-LON,Shipment Created,2026-06-01T23:23,UT-METER-044,23,Exception
WMS-00062-0,SH-00062,W-COV,ASN Received,2026-06-06T13:43,UT-BOILE-057,16,Exception
WMS-00062-1,SH-00062,W-COV,Goods Received,2026-06-06T15:25,UT-BOILE-057,15,Exception
WMS-00062-2,SH-00062,W-COV,Putaway Completed,2026-06-06T17:07,UT-BOILE-057,5,Open
WMS-00062-3,SH-00062,W-LON,Stock Adjustment,2026-06-06T19:44,UT-BOILE-057,19,Completed
WMS-00063-0,SH-00063,W-COV,ASN Received,2026-06-07T13:48,UT-BOILE-022,3,Exception
WMS-00063-1,SH-00063,W-LON,Goods Received,2026-06-07T15:50,UT-BOILE-022,15,Completed
WMS-00063-2,SH-00063,W-GLA,Putaway Completed,2026-06-07T17:42,UT-BOILE-022,16,Open
WMS-00063-3,SH-00063,W-GLA,Stock Adjustment,2026-06-07T19:34,UT-BOILE-022,11,Exception
WMS-00063-4,SH-00063,W-COV,Pick Started,2026-06-07T21:48,UT-BOILE-022,2,Open
WMS-00063-5,SH-00063,W-COV,Pick Completed,2026-06-07T23:24,UT-BOILE-022,15,Open
WMS-00063-6,SH-00063,W-LON,Pack Completed,2026-06-08T01:28,UT-BOILE-022,15,Completed
WMS-00064-0,SH-00064,W-COV,ASN Received,2026-06-06T15:27,UT-EV-023,12,Open
WMS-00064-1,SH-00064,W-LON,Goods Received,2026-06-06T17:22,UT-EV-023,2,Exception
WMS-00064-2,SH-00064,W-MAN,Putaway Completed,2026-06-06T19:15,UT-EV-023,8,Exception
WMS-00064-3,SH-00064,W-GLA,Stock Adjustment,2026-06-06T21:37,UT-EV-023,3,Exception
WMS-00064-4,SH-00064,W-COV,Pick Started,2026-06-06T23:55,UT-EV-023,10,Completed
WMS-00064-5,SH-00064,W-GLA,Pick Completed,2026-06-07T01:10,UT-EV-023,1,Exception
WMS-00065-0,SH-00065,W-COV,ASN Received,2026-06-19T16:45,UT-BOILE-005,19,Completed
WMS-00065-1,SH-00065,W-GLA,Goods Received,2026-06-19T18:17,UT-BOILE-005,3,Exception
WMS-00065-2,SH-00065,W-LON,Putaway Completed,2026-06-19T20:27,UT-BOILE-005,7,Open
WMS-00065-3,SH-00065,W-COV,Stock Adjustment,2026-06-19T22:41,UT-BOILE-005,10,Exception
WMS-00066-0,SH-00066,W-MAN,ASN Received,2026-06-11T11:16,UT-SENSO-056,22,Exception
WMS-00066-1,SH-00066,W-MAN,Goods Received,2026-06-11T13:25,UT-SENSO-056,8,Completed
WMS-00066-2,SH-00066,W-MAN,Putaway Completed,2026-06-11T15:12,UT-SENSO-056,1,Completed
WMS-00066-3,SH-00066,W-GLA,Stock Adjustment,2026-06-11T17:29,UT-SENSO-056,16,Exception
WMS-00066-4,SH-00066,W-LON,Pick Started,2026-06-11T19:27,UT-SENSO-056,21,Completed
WMS-00067-0,SH-00067,W-MAN,ASN Received,2026-06-01T12:59,UT-BOILE-021,14,Completed
WMS-00067-1,SH-00067,W-MAN,Goods Received,2026-06-01T14:06,UT-BOILE-021,6,Completed
WMS-00067-2,SH-00067,W-GLA,Putaway Completed,2026-06-01T16:28,UT-BOILE-021,14,Open
WMS-00067-3,SH-00067,W-COV,Stock Adjustment,2026-06-01T18:31,UT-BOILE-021,18,Open
WMS-00067-4,SH-00067,W-COV,Pick Started,2026-06-01T20:20,UT-BOILE-021,18,Open
WMS-00067-5,SH-00067,W-LON,Pick Completed,2026-06-01T22:43,UT-BOILE-021,8,Open
WMS-00067-6,SH-00067,W-MAN,Pack Completed,2026-06-02T00:23,UT-BOILE-021,16,Exception
WMS-00067-7,SH-00067,W-GLA,Shipment Created,2026-06-02T02:52,UT-BOILE-021,10,Completed
WMS-00068-0,SH-00068,W-COV,ASN Received,2026-06-08T12:22,UT-VALVE-078,14,Exception
WMS-00068-1,SH-00068,W-GLA,Goods Received,2026-06-08T14:29,UT-VALVE-078,23,Completed
WMS-00068-2,SH-00068,W-COV,Putaway Completed,2026-06-08T16:41,UT-VALVE-078,21,Completed
WMS-00068-3,SH-00068,W-LON,Stock Adjustment,2026-06-08T18:50,UT-VALVE-078,21,Completed
WMS-00068-4,SH-00068,W-COV,Pick Started,2026-06-08T20:25,UT-VALVE-078,7,Exception
WMS-00068-5,SH-00068,W-GLA,Pick Completed,2026-06-08T22:20,UT-VALVE-078,19,Completed
WMS-00068-6,SH-00068,W-COV,Pack Completed,2026-06-09T00:10,UT-VALVE-078,8,Exception
WMS-00069-0,SH-00069,W-LON,ASN Received,2026-06-11T15:07,UT-BOILE-084,8,Exception
WMS-00069-1,SH-00069,W-MAN,Goods Received,2026-06-11T17:12,UT-BOILE-084,9,Open
WMS-00069-2,SH-00069,W-LON,Putaway Completed,2026-06-11T19:24,UT-BOILE-084,5,Open
WMS-00069-3,SH-00069,W-MAN,Stock Adjustment,2026-06-11T21:38,UT-BOILE-084,7,Open
WMS-00069-4,SH-00069,W-MAN,Pick Started,2026-06-11T23:26,UT-BOILE-084,6,Open
WMS-00069-5,SH-00069,W-MAN,Pick Completed,2026-06-12T01:01,UT-BOILE-084,10,Open
WMS-00070-0,SH-00070,W-MAN,ASN Received,2026-06-12T17:32,UT-SENSO-080,16,Open
WMS-00070-1,SH-00070,W-LON,Goods Received,2026-06-12T19:08,UT-SENSO-080,3,Open
WMS-00070-2,SH-00070,W-LON,Putaway Completed,2026-06-12T21:09,UT-SENSO-080,9,Completed
WMS-00070-3,SH-00070,W-GLA,Stock Adjustment,2026-06-12T23:02,UT-SENSO-080,5,Open
WMS-00070-4,SH-00070,W-GLA,Pick Started,2026-06-13T01:47,UT-SENSO-080,12,Open
WMS-00071-0,SH-00071,W-COV,ASN Received,2026-06-17T13:33,UT-BOILE-034,19,Completed
WMS-00071-1,SH-00071,W-LON,Goods Received,2026-06-17T15:58,UT-BOILE-034,3,Completed
WMS-00071-2,SH-00071,W-LON,Putaway Completed,2026-06-17T17:43,UT-BOILE-034,4,Open
WMS-00071-3,SH-00071,W-COV,Stock Adjustment,2026-06-17T19:18,UT-BOILE-034,22,Exception
WMS-00071-4,SH-00071,W-COV,Pick Started,2026-06-17T21:25,UT-BOILE-034,12,Exception
WMS-00071-5,SH-00071,W-COV,Pick Completed,2026-06-17T23:53,UT-BOILE-034,11,Completed
WMS-00071-6,SH-00071,W-COV,Pack Completed,2026-06-18T01:05,UT-BOILE-034,15,Exception
WMS-00072-0,SH-00072,W-COV,ASN Received,2026-06-20T18:53,UT-VALVE-062,12,Exception
WMS-00072-1,SH-00072,W-MAN,Goods Received,2026-06-20T20:31,UT-VALVE-062,15,Open
WMS-00072-2,SH-00072,W-LON,Putaway Completed,2026-06-20T22:17,UT-VALVE-062,19,Exception
WMS-00072-3,SH-00072,W-LON,Stock Adjustment,2026-06-21T00:05,UT-VALVE-062,14,Open
WMS-00072-4,SH-00072,W-MAN,Pick Started,2026-06-21T02:27,UT-VALVE-062,21,Open
WMS-00073-0,SH-00073,W-LON,ASN Received,2026-06-15T18:11,UT-EV-006,6,Open
WMS-00073-1,SH-00073,W-COV,Goods Received,2026-06-15T20:05,UT-EV-006,14,Exception
WMS-00073-2,SH-00073,W-GLA,Putaway Completed,2026-06-15T22:20,UT-EV-006,19,Exception
WMS-00074-0,SH-00074,W-MAN,ASN Received,2026-06-11T10:41,UT-SENSO-086,8,Open
WMS-00074-1,SH-00074,W-MAN,Goods Received,2026-06-11T12:05,UT-SENSO-086,10,Open
WMS-00074-2,SH-00074,W-MAN,Putaway Completed,2026-06-11T14:30,UT-SENSO-086,14,Completed
WMS-00074-3,SH-00074,W-COV,Stock Adjustment,2026-06-11T16:10,UT-SENSO-086,5,Exception
WMS-00074-4,SH-00074,W-LON,Pick Started,2026-06-11T18:31,UT-SENSO-086,16,Completed
WMS-00074-5,SH-00074,W-LON,Pick Completed,2026-06-11T20:37,UT-SENSO-086,8,Completed
WMS-00075-0,SH-00075,W-MAN,ASN Received,2026-06-11T08:32,UT-EV-073,8,Exception
WMS-00075-1,SH-00075,W-GLA,Goods Received,2026-06-11T10:58,UT-EV-073,20,Exception
WMS-00075-2,SH-00075,W-LON,Putaway Completed,2026-06-11T12:08,UT-EV-073,10,Exception
WMS-00075-3,SH-00075,W-LON,Stock Adjustment,2026-06-11T14:26,UT-EV-073,22,Exception
WMS-00075-4,SH-00075,W-GLA,Pick Started,2026-06-11T16:50,UT-EV-073,16,Completed
WMS-00075-5,SH-00075,W-MAN,Pick Completed,2026-06-11T18:18,UT-EV-073,23,Exception
WMS-00076-0,SH-00076,W-COV,ASN Received,2026-06-06T11:59,UT-SENSO-086,15,Open
WMS-00076-1,SH-00076,W-COV,Goods Received,2026-06-06T13:06,UT-SENSO-086,20,Exception
WMS-00076-2,SH-00076,W-COV,Putaway Completed,2026-06-06T15:52,UT-SENSO-086,18,Completed
WMS-00076-3,SH-00076,W-COV,Stock Adjustment,2026-06-06T17:10,UT-SENSO-086,21,Completed
WMS-00076-4,SH-00076,W-MAN,Pick Started,2026-06-06T19:58,UT-SENSO-086,12,Completed
WMS-00076-5,SH-00076,W-GLA,Pick Completed,2026-06-06T21:45,UT-SENSO-086,15,Exception
WMS-00076-6,SH-00076,W-LON,Pack Completed,2026-06-06T23:46,UT-SENSO-086,4,Completed
WMS-00076-7,SH-00076,W-GLA,Shipment Created,2026-06-07T01:21,UT-SENSO-086,5,Completed
WMS-00077-0,SH-00077,W-COV,ASN Received,2026-06-08T15:40,UT-BOILE-057,23,Exception
WMS-00077-1,SH-00077,W-GLA,Goods Received,2026-06-08T17:26,UT-BOILE-057,13,Exception
WMS-00077-2,SH-00077,W-GLA,Putaway Completed,2026-06-08T19:46,UT-BOILE-057,24,Open
WMS-00077-3,SH-00077,W-GLA,Stock Adjustment,2026-06-08T21:00,UT-BOILE-057,9,Exception
WMS-00077-4,SH-00077,W-MAN,Pick Started,2026-06-08T23:44,UT-BOILE-057,13,Open
WMS-00077-5,SH-00077,W-MAN,Pick Completed,2026-06-09T01:56,UT-BOILE-057,18,Exception
WMS-00077-6,SH-00077,W-LON,Pack Completed,2026-06-09T03:44,UT-BOILE-057,12,Exception
WMS-00078-0,SH-00078,W-GLA,ASN Received,2026-06-02T16:15,UT-BOILE-026,24,Exception
WMS-00078-1,SH-00078,W-MAN,Goods Received,2026-06-02T18:22,UT-BOILE-026,10,Open
WMS-00078-2,SH-00078,W-MAN,Putaway Completed,2026-06-02T20:45,UT-BOILE-026,13,Exception
WMS-00078-3,SH-00078,W-MAN,Stock Adjustment,2026-06-02T22:06,UT-BOILE-026,11,Exception
WMS-00078-4,SH-00078,W-MAN,Pick Started,2026-06-03T00:52,UT-BOILE-026,12,Open
WMS-00078-5,SH-00078,W-COV,Pick Completed,2026-06-03T02:09,UT-BOILE-026,23,Open
WMS-00079-0,SH-00079,W-GLA,ASN Received,2026-06-14T10:02,UT-BOILE-011,17,Completed
WMS-00079-1,SH-00079,W-COV,Goods Received,2026-06-14T12:23,UT-BOILE-011,10,Open
WMS-00079-2,SH-00079,W-GLA,Putaway Completed,2026-06-14T14:18,UT-BOILE-011,16,Completed
WMS-00079-3,SH-00079,W-MAN,Stock Adjustment,2026-06-14T16:09,UT-BOILE-011,19,Open
WMS-00079-4,SH-00079,W-COV,Pick Started,2026-06-14T18:59,UT-BOILE-011,10,Open
WMS-00080-0,SH-00080,W-COV,ASN Received,2026-06-01T09:55,UT-PUMP-024,6,Exception
WMS-00080-1,SH-00080,W-COV,Goods Received,2026-06-01T11:36,UT-PUMP-024,21,Exception
WMS-00080-2,SH-00080,W-GLA,Putaway Completed,2026-06-01T13:35,UT-PUMP-024,21,Completed
WMS-00080-3,SH-00080,W-COV,Stock Adjustment,2026-06-01T15:12,UT-PUMP-024,20,Exception
WMS-00080-4,SH-00080,W-COV,Pick Started,2026-06-01T17:36,UT-PUMP-024,17,Completed
WMS-00080-5,SH-00080,W-LON,Pick Completed,2026-06-01T19:32,UT-PUMP-024,1,Completed
WMS-00080-6,SH-00080,W-MAN,Pack Completed,2026-06-01T21:01,UT-PUMP-024,9,Completed
WMS-00080-7,SH-00080,W-MAN,Shipment Created,2026-06-01T23:53,UT-PUMP-024,23,Exception
WMS-00081-0,SH-00081,W-MAN,ASN Received,2026-06-13T17:15,UT-BOILE-011,20,Exception
WMS-00081-1,SH-00081,W-MAN,Goods Received,2026-06-13T19:31,UT-BOILE-011,17,Exception
WMS-00081-2,SH-00081,W-LON,Putaway Completed,2026-06-13T21:07,UT-BOILE-011,9,Completed
WMS-00082-0,SH-00082,W-GLA,ASN Received,2026-06-03T15:53,UT-SENSO-060,22,Open
WMS-00082-1,SH-00082,W-GLA,Goods Received,2026-06-03T17:53,UT-SENSO-060,21,Completed
WMS-00082-2,SH-00082,W-GLA,Putaway Completed,2026-06-03T19:02,UT-SENSO-060,6,Exception
WMS-00082-3,SH-00082,W-COV,Stock Adjustment,2026-06-03T21:19,UT-SENSO-060,3,Open
WMS-00082-4,SH-00082,W-COV,Pick Started,2026-06-03T23:53,UT-SENSO-060,5,Exception
WMS-00083-0,SH-00083,W-MAN,ASN Received,2026-06-20T16:53,UT-BOILE-036,23,Completed
WMS-00083-1,SH-00083,W-COV,Goods Received,2026-06-20T18:29,UT-BOILE-036,12,Completed
WMS-00083-2,SH-00083,W-LON,Putaway Completed,2026-06-20T20:00,UT-BOILE-036,8,Exception
WMS-00083-3,SH-00083,W-COV,Stock Adjustment,2026-06-20T22:48,UT-BOILE-036,9,Exception
WMS-00083-4,SH-00083,W-GLA,Pick Started,2026-06-21T00:12,UT-BOILE-036,3,Exception
WMS-00083-5,SH-00083,W-GLA,Pick Completed,2026-06-21T02:51,UT-BOILE-036,23,Completed
WMS-00084-0,SH-00084,W-COV,ASN Received,2026-06-09T15:54,UT-PUMP-064,11,Open
WMS-00084-1,SH-00084,W-LON,Goods Received,2026-06-09T17:17,UT-PUMP-064,4,Exception
WMS-00084-2,SH-00084,W-LON,Putaway Completed,2026-06-09T19:31,UT-PUMP-064,12,Exception
WMS-00084-3,SH-00084,W-COV,Stock Adjustment,2026-06-09T21:56,UT-PUMP-064,24,Completed
WMS-00084-4,SH-00084,W-COV,Pick Started,2026-06-09T23:17,UT-PUMP-064,14,Exception
WMS-00084-5,SH-00084,W-LON,Pick Completed,2026-06-10T01:20,UT-PUMP-064,1,Open
WMS-00084-6,SH-00084,W-MAN,Pack Completed,2026-06-10T03:21,UT-PUMP-064,3,Exception
WMS-00084-7,SH-00084,W-COV,Shipment Created,2026-06-10T05:47,UT-PUMP-064,8,Exception
WMS-00085-0,SH-00085,W-LON,ASN Received,2026-06-06T13:04,UT-EV-010,4,Exception
WMS-00085-1,SH-00085,W-COV,Goods Received,2026-06-06T15:35,UT-EV-010,2,Open
WMS-00085-2,SH-00085,W-LON,Putaway Completed,2026-06-06T17:25,UT-EV-010,4,Exception
WMS-00085-3,SH-00085,W-LON,Stock Adjustment,2026-06-06T19:14,UT-EV-010,20,Exception
WMS-00085-4,SH-00085,W-COV,Pick Started,2026-06-06T21:29,UT-EV-010,13,Open
WMS-00086-0,SH-00086,W-LON,ASN Received,2026-06-11T18:19,UT-SENSO-080,20,Open
WMS-00086-1,SH-00086,W-GLA,Goods Received,2026-06-11T20:23,UT-SENSO-080,1,Exception
WMS-00086-2,SH-00086,W-MAN,Putaway Completed,2026-06-11T22:03,UT-SENSO-080,8,Exception
WMS-00086-3,SH-00086,W-COV,Stock Adjustment,2026-06-12T00:27,UT-SENSO-080,12,Completed
WMS-00087-0,SH-00087,W-GLA,ASN Received,2026-06-11T11:28,UT-EV-082,7,Exception
WMS-00087-1,SH-00087,W-GLA,Goods Received,2026-06-11T13:02,UT-EV-082,1,Completed
WMS-00087-2,SH-00087,W-MAN,Putaway Completed,2026-06-11T15:18,UT-EV-082,6,Completed
WMS-00087-3,SH-00087,W-GLA,Stock Adjustment,2026-06-11T17:46,UT-EV-082,6,Open
WMS-00088-0,SH-00088,W-GLA,ASN Received,2026-06-01T10:50,UT-BOILE-032,5,Open
WMS-00088-1,SH-00088,W-MAN,Goods Received,2026-06-01T12:03,UT-BOILE-032,21,Open
WMS-00088-2,SH-00088,W-MAN,Putaway Completed,2026-06-01T14:54,UT-BOILE-032,17,Exception
WMS-00088-3,SH-00088,W-LON,Stock Adjustment,2026-06-01T16:13,UT-BOILE-032,24,Completed
WMS-00088-4,SH-00088,W-LON,Pick Started,2026-06-01T18:50,UT-BOILE-032,22,Exception
WMS-00088-5,SH-00088,W-COV,Pick Completed,2026-06-01T20:10,UT-BOILE-032,17,Open
WMS-00088-6,SH-00088,W-GLA,Pack Completed,2026-06-01T22:31,UT-BOILE-032,17,Open
WMS-00089-0,SH-00089,W-LON,ASN Received,2026-06-17T15:20,UT-BOILE-042,9,Open
WMS-00089-1,SH-00089,W-COV,Goods Received,2026-06-17T17:11,UT-BOILE-042,15,Completed
WMS-00089-2,SH-00089,W-GLA,Putaway Completed,2026-06-17T19:41,UT-BOILE-042,3,Open
WMS-00089-3,SH-00089,W-COV,Stock Adjustment,2026-06-17T21:18,UT-BOILE-042,17,Exception
WMS-00089-4,SH-00089,W-COV,Pick Started,2026-06-17T23:50,UT-BOILE-042,9,Completed
WMS-00090-0,SH-00090,W-LON,ASN Received,2026-06-02T16:28,UT-VALVE-016,18,Completed
WMS-00090-1,SH-00090,W-GLA,Goods Received,2026-06-02T18:08,UT-VALVE-016,19,Completed
WMS-00090-2,SH-00090,W-GLA,Putaway Completed,2026-06-02T20:47,UT-VALVE-016,1,Open
WMS-00090-3,SH-00090,W-GLA,Stock Adjustment,2026-06-02T22:21,UT-VALVE-016,8,Open
WMS-00091-0,SH-00091,W-COV,ASN Received,2026-06-10T13:29,UT-PUMP-088,2,Open
WMS-00091-1,SH-00091,W-COV,Goods Received,2026-06-10T15:10,UT-PUMP-088,11,Open
WMS-00091-2,SH-00091,W-LON,Putaway Completed,2026-06-10T17:10,UT-PUMP-088,4,Completed
WMS-00091-3,SH-00091,W-LON,Stock Adjustment,2026-06-10T19:30,UT-PUMP-088,24,Completed
WMS-00091-4,SH-00091,W-LON,Pick Started,2026-06-10T21:57,UT-PUMP-088,7,Completed
WMS-00092-0,SH-00092,W-COV,ASN Received,2026-06-06T17:15,UT-BOILE-040,6,Open
WMS-00092-1,SH-00092,W-GLA,Goods Received,2026-06-06T19:42,UT-BOILE-040,3,Exception
WMS-00092-2,SH-00092,W-MAN,Putaway Completed,2026-06-06T21:58,UT-BOILE-040,16,Open
WMS-00092-3,SH-00092,W-COV,Stock Adjustment,2026-06-06T23:23,UT-BOILE-040,3,Completed
WMS-00092-4,SH-00092,W-GLA,Pick Started,2026-06-07T01:26,UT-BOILE-040,15,Completed
WMS-00092-5,SH-00092,W-GLA,Pick Completed,2026-06-07T03:13,UT-BOILE-040,17,Completed
WMS-00093-0,SH-00093,W-COV,ASN Received,2026-06-13T13:57,UT-BOILE-004,22,Exception
WMS-00093-1,SH-00093,W-MAN,Goods Received,2026-06-13T15:28,UT-BOILE-004,23,Completed
WMS-00093-2,SH-00093,W-COV,Putaway Completed,2026-06-13T17:24,UT-BOILE-004,23,Open
WMS-00093-3,SH-00093,W-LON,Stock Adjustment,2026-06-13T19:03,UT-BOILE-004,20,Completed
WMS-00093-4,SH-00093,W-COV,Pick Started,2026-06-13T21:49,UT-BOILE-004,13,Completed
WMS-00093-5,SH-00093,W-MAN,Pick Completed,2026-06-13T23:23,UT-BOILE-004,8,Completed
WMS-00093-6,SH-00093,W-COV,Pack Completed,2026-06-14T01:01,UT-BOILE-004,14,Completed
WMS-00093-7,SH-00093,W-COV,Shipment Created,2026-06-14T03:21,UT-BOILE-004,7,Exception
WMS-00094-0,SH-00094,W-MAN,ASN Received,2026-06-06T10:16,UT-PIPEW-009,4,Exception
WMS-00094-1,SH-00094,W-GLA,Goods Received,2026-06-06T12:40,UT-PIPEW-009,23,Open
WMS-00094-2,SH-00094,W-MAN,Putaway Completed,2026-06-06T14:21,UT-PIPEW-009,6,Exception
WMS-00095-0,SH-00095,W-GLA,ASN Received,2026-06-03T13:21,UT-PIPEW-041,8,Completed
WMS-00095-1,SH-00095,W-COV,Goods Received,2026-06-03T15:58,UT-PIPEW-041,22,Completed
WMS-00095-2,SH-00095,W-MAN,Putaway Completed,2026-06-03T17:38,UT-PIPEW-041,13,Exception
WMS-00095-3,SH-00095,W-GLA,Stock Adjustment,2026-06-03T19:11,UT-PIPEW-041,15,Exception
WMS-00095-4,SH-00095,W-COV,Pick Started,2026-06-03T21:04,UT-PIPEW-041,16,Completed
WMS-00095-5,SH-00095,W-MAN,Pick Completed,2026-06-03T23:03,UT-PIPEW-041,21,Completed
WMS-00095-6,SH-00095,W-MAN,Pack Completed,2026-06-04T01:08,UT-PIPEW-041,3,Completed
WMS-00095-7,SH-00095,W-MAN,Shipment Created,2026-06-04T03:15,UT-PIPEW-041,17,Completed
WMS-00096-0,SH-00096,W-GLA,ASN Received,2026-06-07T11:08,UT-SENSO-060,23,Open
WMS-00096-1,SH-00096,W-MAN,Goods Received,2026-06-07T13:09,UT-SENSO-060,7,Completed
WMS-00096-2,SH-00096,W-COV,Putaway Completed,2026-06-07T15:55,UT-SENSO-060,17,Exception
WMS-00097-0,SH-00097,W-COV,ASN Received,2026-06-14T14:49,UT-PIPEW-048,3,Exception
WMS-00097-1,SH-00097,W-LON,Goods Received,2026-06-14T16:25,UT-PIPEW-048,23,Exception
WMS-00097-2,SH-00097,W-COV,Putaway Completed,2026-06-14T18:33,UT-PIPEW-048,7,Open
WMS-00098-0,SH-00098,W-MAN,ASN Received,2026-06-17T16:03,UT-METER-055,24,Completed
WMS-00098-1,SH-00098,W-MAN,Goods Received,2026-06-17T18:16,UT-METER-055,14,Open
WMS-00098-2,SH-00098,W-COV,Putaway Completed,2026-06-17T20:55,UT-METER-055,21,Completed
WMS-00098-3,SH-00098,W-COV,Stock Adjustment,2026-06-17T22:18,UT-METER-055,3,Open
WMS-00099-0,SH-00099,W-MAN,ASN Received,2026-06-01T17:01,UT-BOILE-036,20,Completed
WMS-00099-1,SH-00099,W-GLA,Goods Received,2026-06-01T19:44,UT-BOILE-036,8,Open
WMS-00099-2,SH-00099,W-LON,Putaway Completed,2026-06-01T21:39,UT-BOILE-036,22,Exception
WMS-00099-3,SH-00099,W-LON,Stock Adjustment,2026-06-01T23:32,UT-BOILE-036,14,Exception
WMS-00099-4,SH-00099,W-MAN,Pick Started,2026-06-02T01:00,UT-BOILE-036,21,Open
WMS-00099-5,SH-00099,W-COV,Pick Completed,2026-06-02T03:40,UT-BOILE-036,12,Completed
WMS-00099-6,SH-00099,W-GLA,Pack Completed,2026-06-02T05:43,UT-BOILE-036,15,Completed
WMS-00099-7,SH-00099,W-LON,Shipment Created,2026-06-02T07:25,UT-BOILE-036,24,Exception
WMS-00100-0,SH-00100,W-COV,ASN Received,2026-06-04T14:41,UT-PUMP-045,11,Open
WMS-00100-1,SH-00100,W-LON,Goods Received,2026-06-04T16:41,UT-PUMP-045,21,Exception
WMS-00100-2,SH-00100,W-LON,Putaway Completed,2026-06-04T18:51,UT-PUMP-045,8,Completed
WMS-00100-3,SH-00100,W-GLA,Stock Adjustment,2026-06-04T20:07,UT-PUMP-045,10,Completed
WMS-00101-0,SH-00101,W-MAN,ASN Received,2026-06-04T17:31,UT-SENSO-012,10,Exception
WMS-00101-1,SH-00101,W-LON,Goods Received,2026-06-04T19:03,UT-SENSO-012,11,Completed
WMS-00101-2,SH-00101,W-MAN,Putaway Completed,2026-06-04T21:54,UT-SENSO-012,24,Completed
WMS-00101-3,SH-00101,W-COV,Stock Adjustment,2026-06-04T23:59,UT-SENSO-012,6,Open
WMS-00101-4,SH-00101,W-LON,Pick Started,2026-06-05T01:19,UT-SENSO-012,22,Completed
WMS-00101-5,SH-00101,W-COV,Pick Completed,2026-06-05T03:35,UT-SENSO-012,13,Open
WMS-00101-6,SH-00101,W-LON,Pack Completed,2026-06-05T05:43,UT-SENSO-012,16,Open
WMS-00101-7,SH-00101,W-LON,Shipment Created,2026-06-05T07:25,UT-SENSO-012,3,Exception
WMS-00102-0,SH-00102,W-LON,ASN Received,2026-06-18T14:09,UT-PUMP-037,21,Exception
WMS-00102-1,SH-00102,W-LON,Goods Received,2026-06-18T16:15,UT-PUMP-037,2,Completed
WMS-00102-2,SH-00102,W-MAN,Putaway Completed,2026-06-18T18:25,UT-PUMP-037,16,Open
WMS-00102-3,SH-00102,W-MAN,Stock Adjustment,2026-06-18T20:41,UT-PUMP-037,24,Open
WMS-00102-4,SH-00102,W-COV,Pick Started,2026-06-18T22:49,UT-PUMP-037,15,Exception
WMS-00102-5,SH-00102,W-LON,Pick Completed,2026-06-19T00:17,UT-PUMP-037,21,Exception
WMS-00102-6,SH-00102,W-LON,Pack Completed,2026-06-19T02:23,UT-PUMP-037,1,Completed
WMS-00103-0,SH-00103,W-MAN,ASN Received,2026-06-21T18:36,UT-BOILE-011,7,Exception
WMS-00103-1,SH-00103,W-MAN,Goods Received,2026-06-21T20:05,UT-BOILE-011,18,Open
WMS-00103-2,SH-00103,W-COV,Putaway Completed,2026-06-21T22:05,UT-BOILE-011,4,Exception
WMS-00104-0,SH-00104,W-LON,ASN Received,2026-06-14T18:41,UT-EV-047,6,Open
WMS-00104-1,SH-00104,W-LON,Goods Received,2026-06-14T20:05,UT-EV-047,9,Exception
WMS-00104-2,SH-00104,W-LON,Putaway Completed,2026-06-14T22:44,UT-EV-047,5,Exception
WMS-00104-3,SH-00104,W-MAN,Stock Adjustment,2026-06-15T00:04,UT-EV-047,21,Exception
WMS-00104-4,SH-00104,W-GLA,Pick Started,2026-06-15T02:40,UT-EV-047,23,Exception
WMS-00105-0,SH-00105,W-GLA,ASN Received,2026-06-20T10:35,UT-PIPEW-048,9,Exception
WMS-00105-1,SH-00105,W-COV,Goods Received,2026-06-20T12:57,UT-PIPEW-048,2,Completed
WMS-00105-2,SH-00105,W-GLA,Putaway Completed,2026-06-20T14:48,UT-PIPEW-048,13,Completed
WMS-00105-3,SH-00105,W-GLA,Stock Adjustment,2026-06-20T16:51,UT-PIPEW-048,24,Exception
WMS-00105-4,SH-00105,W-LON,Pick Started,2026-06-20T18:30,UT-PIPEW-048,19,Completed
WMS-00105-5,SH-00105,W-GLA,Pick Completed,2026-06-20T20:00,UT-PIPEW-048,22,Exception
WMS-00105-6,SH-00105,W-MAN,Pack Completed,2026-06-20T22:42,UT-PIPEW-048,5,Completed
WMS-00105-7,SH-00105,W-LON,Shipment Created,2026-06-21T00:36,UT-PIPEW-048,24,Open
WMS-00106-0,SH-00106,W-LON,ASN Received,2026-06-20T14:32,UT-EV-082,22,Exception
WMS-00106-1,SH-00106,W-COV,Goods Received,2026-06-20T16:25,UT-EV-082,1,Exception
WMS-00106-2,SH-00106,W-MAN,Putaway Completed,2026-06-20T18:58,UT-EV-082,24,Completed
WMS-00106-3,SH-00106,W-LON,Stock Adjustment,2026-06-20T20:44,UT-EV-082,18,Exception
WMS-00106-4,SH-00106,W-GLA,Pick Started,2026-06-20T22:15,UT-EV-082,24,Exception
WMS-00106-5,SH-00106,W-COV,Pick Completed,2026-06-21T00:38,UT-EV-082,15,Completed
WMS-00107-0,SH-00107,W-GLA,ASN Received,2026-06-03T13:00,UT-SENSO-068,4,Open
WMS-00107-1,SH-00107,W-LON,Goods Received,2026-06-03T15:12,UT-SENSO-068,3,Exception
WMS-00107-2,SH-00107,W-MAN,Putaway Completed,2026-06-03T17:26,UT-SENSO-068,4,Open
WMS-00107-3,SH-00107,W-COV,Stock Adjustment,2026-06-03T19:09,UT-SENSO-068,22,Open
WMS-00107-4,SH-00107,W-MAN,Pick Started,2026-06-03T21:30,UT-SENSO-068,13,Open
WMS-00107-5,SH-00107,W-GLA,Pick Completed,2026-06-03T23:23,UT-SENSO-068,14,Completed
WMS-00108-0,SH-00108,W-COV,ASN Received,2026-06-15T10:49,UT-EV-035,22,Completed
WMS-00108-1,SH-00108,W-COV,Goods Received,2026-06-15T12:43,UT-EV-035,11,Open
WMS-00108-2,SH-00108,W-COV,Putaway Completed,2026-06-15T14:27,UT-EV-035,16,Open
WMS-00108-3,SH-00108,W-GLA,Stock Adjustment,2026-06-15T16:31,UT-EV-035,3,Open
WMS-00108-4,SH-00108,W-MAN,Pick Started,2026-06-15T18:39,UT-EV-035,5,Exception
WMS-00108-5,SH-00108,W-MAN,Pick Completed,2026-06-15T20:15,UT-EV-035,9,Completed
WMS-00108-6,SH-00108,W-GLA,Pack Completed,2026-06-15T22:44,UT-EV-035,8,Exception
WMS-00109-0,SH-00109,W-GLA,ASN Received,2026-06-17T17:57,UT-BOILE-026,2,Completed
WMS-00109-1,SH-00109,W-COV,Goods Received,2026-06-17T19:00,UT-BOILE-026,2,Exception
WMS-00109-2,SH-00109,W-GLA,Putaway Completed,2026-06-17T21:13,UT-BOILE-026,10,Open
WMS-00109-3,SH-00109,W-GLA,Stock Adjustment,2026-06-17T23:58,UT-BOILE-026,20,Completed
WMS-00110-0,SH-00110,W-GLA,ASN Received,2026-06-12T13:57,UT-PUMP-024,18,Open
WMS-00110-1,SH-00110,W-GLA,Goods Received,2026-06-12T15:28,UT-PUMP-024,21,Exception
WMS-00110-2,SH-00110,W-COV,Putaway Completed,2026-06-12T17:58,UT-PUMP-024,14,Completed
WMS-00110-3,SH-00110,W-LON,Stock Adjustment,2026-06-12T19:26,UT-PUMP-024,17,Exception
WMS-00110-4,SH-00110,W-COV,Pick Started,2026-06-12T21:10,UT-PUMP-024,20,Open
WMS-00110-5,SH-00110,W-MAN,Pick Completed,2026-06-12T23:18,UT-PUMP-024,2,Exception
WMS-00111-0,SH-00111,W-MAN,ASN Received,2026-06-16T18:17,UT-EV-089,2,Exception
WMS-00111-1,SH-00111,W-MAN,Goods Received,2026-06-16T20:52,UT-EV-089,7,Exception
WMS-00111-2,SH-00111,W-COV,Putaway Completed,2026-06-16T22:00,UT-EV-089,21,Open
WMS-00111-3,SH-00111,W-GLA,Stock Adjustment,2026-06-17T00:20,UT-EV-089,3,Exception
WMS-00111-4,SH-00111,W-GLA,Pick Started,2026-06-17T02:46,UT-EV-089,5,Open
WMS-00112-0,SH-00112,W-MAN,ASN Received,2026-06-21T08:41,UT-SENSO-038,10,Completed
WMS-00112-1,SH-00112,W-GLA,Goods Received,2026-06-21T10:10,UT-SENSO-038,6,Open
WMS-00112-2,SH-00112,W-MAN,Putaway Completed,2026-06-21T12:04,UT-SENSO-038,5,Completed
WMS-00112-3,SH-00112,W-LON,Stock Adjustment,2026-06-21T14:15,UT-SENSO-038,15,Exception
WMS-00112-4,SH-00112,W-LON,Pick Started,2026-06-21T16:06,UT-SENSO-038,24,Exception
WMS-00112-5,SH-00112,W-MAN,Pick Completed,2026-06-21T18:46,UT-SENSO-038,1,Exception
WMS-00112-6,SH-00112,W-COV,Pack Completed,2026-06-21T20:24,UT-SENSO-038,13,Completed
WMS-00112-7,SH-00112,W-COV,Shipment Created,2026-06-21T22:52,UT-SENSO-038,1,Exception
WMS-00113-0,SH-00113,W-GLA,ASN Received,2026-06-09T10:14,UT-METER-017,22,Open
WMS-00113-1,SH-00113,W-COV,Goods Received,2026-06-09T12:31,UT-METER-017,6,Completed
WMS-00113-2,SH-00113,W-MAN,Putaway Completed,2026-06-09T14:06,UT-METER-017,10,Open
WMS-00113-3,SH-00113,W-COV,Stock Adjustment,2026-06-09T16:39,UT-METER-017,11,Completed
WMS-00113-4,SH-00113,W-GLA,Pick Started,2026-06-09T18:59,UT-METER-017,3,Completed
WMS-00114-0,SH-00114,W-LON,ASN Received,2026-06-17T13:27,UT-EV-020,16,Exception
WMS-00114-1,SH-00114,W-LON,Goods Received,2026-06-17T15:38,UT-EV-020,21,Open
WMS-00114-2,SH-00114,W-MAN,Putaway Completed,2026-06-17T17:51,UT-EV-020,21,Completed
WMS-00114-3,SH-00114,W-LON,Stock Adjustment,2026-06-17T19:26,UT-EV-020,18,Open
WMS-00114-4,SH-00114,W-LON,Pick Started,2026-06-17T21:34,UT-EV-020,18,Completed
WMS-00115-0,SH-00115,W-COV,ASN Received,2026-06-17T17:42,UT-BOILE-011,19,Completed
WMS-00115-1,SH-00115,W-LON,Goods Received,2026-06-17T19:53,UT-BOILE-011,20,Completed
WMS-00115-2,SH-00115,W-COV,Putaway Completed,2026-06-17T21:09,UT-BOILE-011,12,Completed
WMS-00115-3,SH-00115,W-COV,Stock Adjustment,2026-06-17T23:15,UT-BOILE-011,3,Completed
WMS-00115-4,SH-00115,W-LON,Pick Started,2026-06-18T01:09,UT-BOILE-011,6,Open
WMS-00115-5,SH-00115,W-MAN,Pick Completed,2026-06-18T03:47,UT-BOILE-011,17,Exception
WMS-00115-6,SH-00115,W-GLA,Pack Completed,2026-06-18T05:30,UT-BOILE-011,14,Exception
WMS-00115-7,SH-00115,W-GLA,Shipment Created,2026-06-18T07:28,UT-BOILE-011,21,Exception
WMS-00116-0,SH-00116,W-LON,ASN Received,2026-06-02T18:12,UT-PUMP-037,9,Completed
WMS-00116-1,SH-00116,W-COV,Goods Received,2026-06-02T20:04,UT-PUMP-037,12,Exception
WMS-00116-2,SH-00116,W-GLA,Putaway Completed,2026-06-02T22:01,UT-PUMP-037,8,Open
WMS-00116-3,SH-00116,W-MAN,Stock Adjustment,2026-06-03T00:34,UT-PUMP-037,4,Completed
WMS-00116-4,SH-00116,W-MAN,Pick Started,2026-06-03T02:38,UT-PUMP-037,1,Open
WMS-00116-5,SH-00116,W-MAN,Pick Completed,2026-06-03T04:35,UT-PUMP-037,7,Exception
WMS-00116-6,SH-00116,W-COV,Pack Completed,2026-06-03T06:15,UT-PUMP-037,9,Completed
WMS-00116-7,SH-00116,W-COV,Shipment Created,2026-06-03T08:36,UT-PUMP-037,16,Completed
WMS-00117-0,SH-00117,W-GLA,ASN Received,2026-06-01T13:23,UT-PIPEW-041,20,Open
WMS-00117-1,SH-00117,W-COV,Goods Received,2026-06-01T15:57,UT-PIPEW-041,23,Exception
WMS-00117-2,SH-00117,W-LON,Putaway Completed,2026-06-01T17:15,UT-PIPEW-041,7,Exception
WMS-00117-3,SH-00117,W-COV,Stock Adjustment,2026-06-01T19:09,UT-PIPEW-041,19,Exception
WMS-00117-4,SH-00117,W-LON,Pick Started,2026-06-01T21:06,UT-PIPEW-041,1,Completed
WMS-00118-0,SH-00118,W-MAN,ASN Received,2026-06-04T15:44,UT-PUMP-071,18,Completed
WMS-00118-1,SH-00118,W-MAN,Goods Received,2026-06-04T17:54,UT-PUMP-071,4,Open
WMS-00118-2,SH-00118,W-LON,Putaway Completed,2026-06-04T19:10,UT-PUMP-071,19,Open
WMS-00118-3,SH-00118,W-COV,Stock Adjustment,2026-06-04T21:14,UT-PUMP-071,13,Open
WMS-00118-4,SH-00118,W-COV,Pick Started,2026-06-04T23:22,UT-PUMP-071,15,Open
WMS-00118-5,SH-00118,W-LON,Pick Completed,2026-06-05T01:06,UT-PUMP-071,3,Completed
WMS-00118-6,SH-00118,W-COV,Pack Completed,2026-06-05T03:58,UT-PUMP-071,13,Open
WMS-00118-7,SH-00118,W-MAN,Shipment Created,2026-06-05T05:25,UT-PUMP-071,11,Completed
WMS-00119-0,SH-00119,W-GLA,ASN Received,2026-06-07T15:48,UT-METER-044,10,Completed
WMS-00119-1,SH-00119,W-MAN,Goods Received,2026-06-07T17:22,UT-METER-044,14,Open
WMS-00119-2,SH-00119,W-LON,Putaway Completed,2026-06-07T19:34,UT-METER-044,23,Completed
WMS-00119-3,SH-00119,W-LON,Stock Adjustment,2026-06-07T21:22,UT-METER-044,23,Exception
WMS-00119-4,SH-00119,W-LON,Pick Started,2026-06-07T23:52,UT-METER-044,1,Exception
WMS-00119-5,SH-00119,W-MAN,Pick Completed,2026-06-08T01:04,UT-METER-044,24,Exception
WMS-00120-0,SH-00120,W-COV,ASN Received,2026-06-11T08:44,UT-SENSO-079,16,Exception
WMS-00120-1,SH-00120,W-LON,Goods Received,2026-06-11T10:26,UT-SENSO-079,14,Open
WMS-00120-2,SH-00120,W-GLA,Putaway Completed,2026-06-11T12:53,UT-SENSO-079,18,Open
WMS-00120-3,SH-00120,W-GLA,Stock Adjustment,2026-06-11T14:07,UT-SENSO-079,6,Open
WMS-00120-4,SH-00120,W-LON,Pick Started,2026-06-11T16:23,UT-SENSO-079,6,Exception
WMS-00120-5,SH-00120,W-MAN,Pick Completed,2026-06-11T18:34,UT-SENSO-079,14,Open
WMS-00120-6,SH-00120,W-GLA,Pack Completed,2026-06-11T20:54,UT-SENSO-079,22,Exception
WMS-00121-0,SH-00121,W-LON,ASN Received,2026-06-20T09:43,UT-SENSO-056,8,Completed
WMS-00121-1,SH-00121,W-LON,Goods Received,2026-06-20T11:02,UT-SENSO-056,1,Completed
WMS-00121-2,SH-00121,W-MAN,Putaway Completed,2026-06-20T13:50,UT-SENSO-056,12,Exception
WMS-00121-3,SH-00121,W-GLA,Stock Adjustment,2026-06-20T15:21,UT-SENSO-056,6,Exception
WMS-00121-4,SH-00121,W-LON,Pick Started,2026-06-20T17:15,UT-SENSO-056,18,Open
WMS-00122-0,SH-00122,W-MAN,ASN Received,2026-06-02T17:29,UT-SENSO-079,21,Exception
WMS-00122-1,SH-00122,W-GLA,Goods Received,2026-06-02T19:11,UT-SENSO-079,8,Exception
WMS-00122-2,SH-00122,W-MAN,Putaway Completed,2026-06-02T21:19,UT-SENSO-079,7,Exception
WMS-00123-0,SH-00123,W-LON,ASN Received,2026-06-09T09:39,UT-VALVE-049,20,Exception
WMS-00123-1,SH-00123,W-COV,Goods Received,2026-06-09T11:10,UT-VALVE-049,17,Exception
WMS-00123-2,SH-00123,W-GLA,Putaway Completed,2026-06-09T13:59,UT-VALVE-049,4,Completed
WMS-00123-3,SH-00123,W-COV,Stock Adjustment,2026-06-09T15:34,UT-VALVE-049,1,Exception
WMS-00123-4,SH-00123,W-MAN,Pick Started,2026-06-09T17:13,UT-VALVE-049,12,Completed
WMS-00124-0,SH-00124,W-MAN,ASN Received,2026-06-08T09:36,UT-BOILE-004,12,Open
WMS-00124-1,SH-00124,W-COV,Goods Received,2026-06-08T11:28,UT-BOILE-004,6,Completed
WMS-00124-2,SH-00124,W-GLA,Putaway Completed,2026-06-08T13:37,UT-BOILE-004,14,Open
WMS-00124-3,SH-00124,W-GLA,Stock Adjustment,2026-06-08T15:25,UT-BOILE-004,1,Completed
WMS-00124-4,SH-00124,W-MAN,Pick Started,2026-06-08T17:51,UT-BOILE-004,11,Open
WMS-00124-5,SH-00124,W-MAN,Pick Completed,2026-06-08T19:22,UT-BOILE-004,8,Completed
WMS-00125-0,SH-00125,W-MAN,ASN Received,2026-06-05T13:38,UT-VALVE-085,11,Exception
WMS-00125-1,SH-00125,W-LON,Goods Received,2026-06-05T15:15,UT-VALVE-085,19,Completed
WMS-00125-2,SH-00125,W-GLA,Putaway Completed,2026-06-05T17:01,UT-VALVE-085,21,Exception
WMS-00125-3,SH-00125,W-COV,Stock Adjustment,2026-06-05T19:58,UT-VALVE-085,15,Open
WMS-00125-4,SH-00125,W-MAN,Pick Started,2026-06-05T21:53,UT-VALVE-085,13,Completed
WMS-00125-5,SH-00125,W-COV,Pick Completed,2026-06-05T23:21,UT-VALVE-085,21,Completed
WMS-00126-0,SH-00126,W-GLA,ASN Received,2026-06-10T12:04,UT-SENSO-061,9,Open
WMS-00126-1,SH-00126,W-LON,Goods Received,2026-06-10T14:17,UT-SENSO-061,23,Completed
WMS-00126-2,SH-00126,W-MAN,Putaway Completed,2026-06-10T16:37,UT-SENSO-061,15,Completed
WMS-00127-0,SH-00127,W-MAN,ASN Received,2026-06-21T15:54,UT-PIPEW-041,17,Completed
WMS-00127-1,SH-00127,W-MAN,Goods Received,2026-06-21T17:14,UT-PIPEW-041,12,Open
WMS-00127-2,SH-00127,W-LON,Putaway Completed,2026-06-21T19:55,UT-PIPEW-041,20,Exception
WMS-00127-3,SH-00127,W-MAN,Stock Adjustment,2026-06-21T21:49,UT-PIPEW-041,13,Completed
WMS-00127-4,SH-00127,W-COV,Pick Started,2026-06-21T23:17,UT-PIPEW-041,14,Completed
WMS-00127-5,SH-00127,W-GLA,Pick Completed,2026-06-22T01:55,UT-PIPEW-041,19,Exception
WMS-00127-6,SH-00127,W-COV,Pack Completed,2026-06-22T03:09,UT-PIPEW-041,15,Completed
WMS-00127-7,SH-00127,W-COV,Shipment Created,2026-06-22T05:15,UT-PIPEW-041,1,Open
WMS-00128-0,SH-00128,W-COV,ASN Received,2026-06-17T15:57,UT-EV-035,2,Exception
WMS-00128-1,SH-00128,W-GLA,Goods Received,2026-06-17T17:15,UT-EV-035,3,Exception
WMS-00128-2,SH-00128,W-COV,Putaway Completed,2026-06-17T19:17,UT-EV-035,8,Exception
WMS-00129-0,SH-00129,W-GLA,ASN Received,2026-06-04T11:30,UT-SENSO-052,19,Completed
WMS-00129-1,SH-00129,W-LON,Goods Received,2026-06-04T13:55,UT-SENSO-052,8,Open
WMS-00129-2,SH-00129,W-COV,Putaway Completed,2026-06-04T15:02,UT-SENSO-052,1,Exception
WMS-00129-3,SH-00129,W-GLA,Stock Adjustment,2026-06-04T17:53,UT-SENSO-052,8,Exception
WMS-00129-4,SH-00129,W-MAN,Pick Started,2026-06-04T19:48,UT-SENSO-052,5,Completed
WMS-00129-5,SH-00129,W-COV,Pick Completed,2026-06-04T21:19,UT-SENSO-052,24,Open
WMS-00129-6,SH-00129,W-LON,Pack Completed,2026-06-04T23:31,UT-SENSO-052,24,Open
WMS-00130-0,SH-00130,W-MAN,ASN Received,2026-06-09T13:16,UT-VALVE-033,22,Open
WMS-00130-1,SH-00130,W-GLA,Goods Received,2026-06-09T15:25,UT-VALVE-033,19,Open
WMS-00130-2,SH-00130,W-GLA,Putaway Completed,2026-06-09T17:19,UT-VALVE-033,7,Completed
WMS-00130-3,SH-00130,W-GLA,Stock Adjustment,2026-06-09T19:53,UT-VALVE-033,20,Completed
WMS-00130-4,SH-00130,W-LON,Pick Started,2026-06-09T21:50,UT-VALVE-033,15,Exception
WMS-00130-5,SH-00130,W-GLA,Pick Completed,2026-06-09T23:18,UT-VALVE-033,4,Completed
WMS-00130-6,SH-00130,W-LON,Pack Completed,2026-06-10T01:59,UT-VALVE-033,22,Completed
WMS-00131-0,SH-00131,W-LON,ASN Received,2026-06-10T17:27,UT-PUMP-088,13,Completed
WMS-00131-1,SH-00131,W-GLA,Goods Received,2026-06-10T19:58,UT-PUMP-088,10,Exception
WMS-00131-2,SH-00131,W-GLA,Putaway Completed,2026-06-10T21:11,UT-PUMP-088,19,Open
WMS-00131-3,SH-00131,W-GLA,Stock Adjustment,2026-06-10T23:51,UT-PUMP-088,19,Completed
WMS-00132-0,SH-00132,W-LON,ASN Received,2026-06-14T16:08,UT-BOILE-026,13,Exception
WMS-00132-1,SH-00132,W-COV,Goods Received,2026-06-14T18:29,UT-BOILE-026,17,Open
WMS-00132-2,SH-00132,W-COV,Putaway Completed,2026-06-14T20:05,UT-BOILE-026,2,Open
WMS-00133-0,SH-00133,W-COV,ASN Received,2026-06-10T17:59,UT-PIPEW-014,4,Open
WMS-00133-1,SH-00133,W-LON,Goods Received,2026-06-10T19:30,UT-PIPEW-014,6,Completed
WMS-00133-2,SH-00133,W-GLA,Putaway Completed,2026-06-10T21:52,UT-PIPEW-014,20,Exception
WMS-00133-3,SH-00133,W-LON,Stock Adjustment,2026-06-10T23:54,UT-PIPEW-014,22,Exception
WMS-00133-4,SH-00133,W-COV,Pick Started,2026-06-11T01:27,UT-PIPEW-014,5,Exception
WMS-00133-5,SH-00133,W-COV,Pick Completed,2026-06-11T03:11,UT-PIPEW-014,5,Exception
WMS-00134-0,SH-00134,W-LON,ASN Received,2026-06-18T11:32,UT-METER-031,3,Completed
WMS-00134-1,SH-00134,W-MAN,Goods Received,2026-06-18T13:22,UT-METER-031,21,Exception
WMS-00134-2,SH-00134,W-GLA,Putaway Completed,2026-06-18T15:29,UT-METER-031,23,Completed
WMS-00134-3,SH-00134,W-GLA,Stock Adjustment,2026-06-18T17:50,UT-METER-031,22,Open
WMS-00134-4,SH-00134,W-LON,Pick Started,2026-06-18T19:04,UT-METER-031,21,Open
WMS-00135-0,SH-00135,W-LON,ASN Received,2026-06-19T16:24,UT-SENSO-061,5,Exception
WMS-00135-1,SH-00135,W-MAN,Goods Received,2026-06-19T18:12,UT-SENSO-061,9,Open
WMS-00135-2,SH-00135,W-LON,Putaway Completed,2026-06-19T20:43,UT-SENSO-061,10,Completed
WMS-00136-0,SH-00136,W-COV,ASN Received,2026-06-07T09:31,UT-BOILE-021,8,Completed
WMS-00136-1,SH-00136,W-GLA,Goods Received,2026-06-07T11:01,UT-BOILE-021,8,Open
WMS-00136-2,SH-00136,W-GLA,Putaway Completed,2026-06-07T13:24,UT-BOILE-021,23,Open
WMS-00137-0,SH-00137,W-COV,ASN Received,2026-06-18T17:06,UT-BOILE-021,2,Open
WMS-00137-1,SH-00137,W-MAN,Goods Received,2026-06-18T19:41,UT-BOILE-021,12,Open
WMS-00137-2,SH-00137,W-LON,Putaway Completed,2026-06-18T21:19,UT-BOILE-021,8,Completed
WMS-00137-3,SH-00137,W-COV,Stock Adjustment,2026-06-18T23:01,UT-BOILE-021,7,Exception
WMS-00137-4,SH-00137,W-LON,Pick Started,2026-06-19T01:43,UT-BOILE-021,22,Exception
WMS-00137-5,SH-00137,W-COV,Pick Completed,2026-06-19T03:35,UT-BOILE-021,16,Completed
WMS-00137-6,SH-00137,W-LON,Pack Completed,2026-06-19T05:49,UT-BOILE-021,13,Exception
WMS-00137-7,SH-00137,W-MAN,Shipment Created,2026-06-19T07:27,UT-BOILE-021,23,Open
WMS-00138-0,SH-00138,W-COV,ASN Received,2026-06-04T17:04,UT-PUMP-018,9,Exception
WMS-00138-1,SH-00138,W-MAN,Goods Received,2026-06-04T19:31,UT-PUMP-018,23,Exception
WMS-00138-2,SH-00138,W-GLA,Putaway Completed,2026-06-04T21:57,UT-PUMP-018,8,Open
WMS-00138-3,SH-00138,W-GLA,Stock Adjustment,2026-06-04T23:23,UT-PUMP-018,18,Open
WMS-00138-4,SH-00138,W-MAN,Pick Started,2026-06-05T01:33,UT-PUMP-018,9,Open
WMS-00138-5,SH-00138,W-COV,Pick Completed,2026-06-05T03:03,UT-PUMP-018,12,Open
WMS-00138-6,SH-00138,W-LON,Pack Completed,2026-06-05T05:17,UT-PUMP-018,3,Completed
WMS-00138-7,SH-00138,W-MAN,Shipment Created,2026-06-05T07:53,UT-PUMP-018,17,Completed
WMS-00139-0,SH-00139,W-MAN,ASN Received,2026-06-12T10:48,UT-PUMP-071,1,Open
WMS-00139-1,SH-00139,W-LON,Goods Received,2026-06-12T12:55,UT-PUMP-071,14,Exception
WMS-00139-2,SH-00139,W-COV,Putaway Completed,2026-06-12T14:51,UT-PUMP-071,4,Exception
WMS-00139-3,SH-00139,W-LON,Stock Adjustment,2026-06-12T16:46,UT-PUMP-071,22,Open
WMS-00139-4,SH-00139,W-LON,Pick Started,2026-06-12T18:27,UT-PUMP-071,19,Exception
WMS-00140-0,SH-00140,W-COV,ASN Received,2026-06-13T15:37,UT-BOILE-067,3,Open
WMS-00140-1,SH-00140,W-GLA,Goods Received,2026-06-13T17:04,UT-BOILE-067,15,Completed
WMS-00140-2,SH-00140,W-GLA,Putaway Completed,2026-06-13T19:49,UT-BOILE-067,9,Open
WMS-00140-3,SH-00140,W-LON,Stock Adjustment,2026-06-13T21:08,UT-BOILE-067,8,Exception
WMS-00140-4,SH-00140,W-MAN,Pick Started,2026-06-13T23:09,UT-BOILE-067,20,Exception
WMS-00140-5,SH-00140,W-COV,Pick Completed,2026-06-14T01:14,UT-BOILE-067,4,Exception
WMS-00141-0,SH-00141,W-GLA,ASN Received,2026-06-15T17:59,UT-PUMP-024,5,Exception
WMS-00141-1,SH-00141,W-COV,Goods Received,2026-06-15T19:06,UT-PUMP-024,20,Completed
WMS-00141-2,SH-00141,W-GLA,Putaway Completed,2026-06-15T21:32,UT-PUMP-024,23,Exception
WMS-00142-0,SH-00142,W-COV,ASN Received,2026-06-07T14:22,UT-PIPEW-075,18,Exception
WMS-00142-1,SH-00142,W-COV,Goods Received,2026-06-07T16:58,UT-PIPEW-075,12,Exception
WMS-00142-2,SH-00142,W-LON,Putaway Completed,2026-06-07T18:38,UT-PIPEW-075,8,Open
WMS-00142-3,SH-00142,W-LON,Stock Adjustment,2026-06-07T20:14,UT-PIPEW-075,19,Completed
WMS-00142-4,SH-00142,W-MAN,Pick Started,2026-06-07T22:49,UT-PIPEW-075,14,Exception
WMS-00143-0,SH-00143,W-COV,ASN Received,2026-06-10T13:46,UT-SENSO-086,2,Completed
WMS-00143-1,SH-00143,W-GLA,Goods Received,2026-06-10T15:28,UT-SENSO-086,14,Exception
WMS-00143-2,SH-00143,W-LON,Putaway Completed,2026-06-10T17:47,UT-SENSO-086,14,Open
WMS-00143-3,SH-00143,W-LON,Stock Adjustment,2026-06-10T19:44,UT-SENSO-086,5,Exception
WMS-00143-4,SH-00143,W-MAN,Pick Started,2026-06-10T21:46,UT-SENSO-086,19,Exception
WMS-00143-5,SH-00143,W-COV,Pick Completed,2026-06-10T23:09,UT-SENSO-086,1,Exception
WMS-00143-6,SH-00143,W-GLA,Pack Completed,2026-06-11T01:43,UT-SENSO-086,21,Open
WMS-00144-0,SH-00144,W-MAN,ASN Received,2026-06-17T17:18,UT-BOILE-042,9,Exception
WMS-00144-1,SH-00144,W-COV,Goods Received,2026-06-17T19:59,UT-BOILE-042,8,Exception
WMS-00144-2,SH-00144,W-GLA,Putaway Completed,2026-06-17T21:09,UT-BOILE-042,4,Completed
WMS-00144-3,SH-00144,W-MAN,Stock Adjustment,2026-06-17T23:01,UT-BOILE-042,20,Completed
WMS-00145-0,SH-00145,W-COV,ASN Received,2026-06-16T08:15,UT-PUMP-069,5,Exception
WMS-00145-1,SH-00145,W-LON,Goods Received,2026-06-16T10:55,UT-PUMP-069,8,Exception
WMS-00145-2,SH-00145,W-MAN,Putaway Completed,2026-06-16T12:16,UT-PUMP-069,16,Completed
WMS-00145-3,SH-00145,W-LON,Stock Adjustment,2026-06-16T14:52,UT-PUMP-069,6,Exception
WMS-00145-4,SH-00145,W-LON,Pick Started,2026-06-16T16:18,UT-PUMP-069,5,Completed
WMS-00145-5,SH-00145,W-COV,Pick Completed,2026-06-16T18:33,UT-PUMP-069,24,Exception
WMS-00145-6,SH-00145,W-MAN,Pack Completed,2026-06-16T20:00,UT-PUMP-069,14,Completed
WMS-00145-7,SH-00145,W-LON,Shipment Created,2026-06-16T22:35,UT-PUMP-069,20,Completed
WMS-00146-0,SH-00146,W-MAN,ASN Received,2026-06-09T17:49,UT-EV-023,16,Open
WMS-00146-1,SH-00146,W-LON,Goods Received,2026-06-09T19:43,UT-EV-023,8,Completed
WMS-00146-2,SH-00146,W-GLA,Putaway Completed,2026-06-09T21:17,UT-EV-023,17,Completed
WMS-00146-3,SH-00146,W-LON,Stock Adjustment,2026-06-09T23:03,UT-EV-023,18,Open
WMS-00146-4,SH-00146,W-GLA,Pick Started,2026-06-10T01:43,UT-EV-023,11,Open
WMS-00146-5,SH-00146,W-LON,Pick Completed,2026-06-10T03:51,UT-EV-023,15,Open
WMS-00146-6,SH-00146,W-LON,Pack Completed,2026-06-10T05:16,UT-EV-023,2,Open
WMS-00146-7,SH-00146,W-LON,Shipment Created,2026-06-10T07:46,UT-EV-023,8,Open
WMS-00147-0,SH-00147,W-COV,ASN Received,2026-06-14T11:32,UT-EV-006,13,Open
WMS-00147-1,SH-00147,W-COV,Goods Received,2026-06-14T13:10,UT-EV-006,10,Open
WMS-00147-2,SH-00147,W-COV,Putaway Completed,2026-06-14T15:14,UT-EV-006,21,Exception
WMS-00148-0,SH-00148,W-GLA,ASN Received,2026-06-13T18:30,UT-BOILE-005,10,Exception
WMS-00148-1,SH-00148,W-MAN,Goods Received,2026-06-13T20:24,UT-BOILE-005,1,Open
WMS-00148-2,SH-00148,W-LON,Putaway Completed,2026-06-13T22:23,UT-BOILE-005,18,Exception
WMS-00148-3,SH-00148,W-COV,Stock Adjustment,2026-06-14T00:28,UT-BOILE-005,8,Exception
WMS-00148-4,SH-00148,W-COV,Pick Started,2026-06-14T02:25,UT-BOILE-005,8,Open
WMS-00148-5,SH-00148,W-GLA,Pick Completed,2026-06-14T04:30,UT-BOILE-005,19,Completed
WMS-00149-0,SH-00149,W-COV,ASN Received,2026-06-21T09:24,UT-BOILE-040,5,Completed
WMS-00149-1,SH-00149,W-MAN,Goods Received,2026-06-21T11:33,UT-BOILE-040,24,Completed
WMS-00149-2,SH-00149,W-MAN,Putaway Completed,2026-06-21T13:12,UT-BOILE-040,15,Completed
WMS-00149-3,SH-00149,W-COV,Stock Adjustment,2026-06-21T15:56,UT-BOILE-040,14,Open
WMS-00149-4,SH-00149,W-MAN,Pick Started,2026-06-21T17:40,UT-BOILE-040,17,Open
WMS-00149-5,SH-00149,W-MAN,Pick Completed,2026-06-21T19:47,UT-BOILE-040,18,Open
WMS-00149-6,SH-00149,W-LON,Pack Completed,2026-06-21T21:00,UT-BOILE-040,10,Completed
WMS-00149-7,SH-00149,W-LON,Shipment Created,2026-06-21T23:18,UT-BOILE-040,24,Exception
WMS-00150-0,SH-00150,W-GLA,ASN Received,2026-06-19T18:40,UT-BOILE-067,18,Completed
WMS-00150-1,SH-00150,W-GLA,Goods Received,2026-06-19T20:40,UT-BOILE-067,1,Completed
WMS-00150-2,SH-00150,W-GLA,Putaway Completed,2026-06-19T22:18,UT-BOILE-067,14,Exception
WMS-00151-0,SH-00151,W-LON,ASN Received,2026-06-09T16:20,UT-BOILE-040,10,Exception
WMS-00151-1,SH-00151,W-COV,Goods Received,2026-06-09T18:15,UT-BOILE-040,18,Open
WMS-00151-2,SH-00151,W-LON,Putaway Completed,2026-06-09T20:49,UT-BOILE-040,13,Exception
WMS-00151-3,SH-00151,W-LON,Stock Adjustment,2026-06-09T22:22,UT-BOILE-040,10,Exception
WMS-00151-4,SH-00151,W-GLA,Pick Started,2026-06-10T00:33,UT-BOILE-040,3,Exception
WMS-00151-5,SH-00151,W-MAN,Pick Completed,2026-06-10T02:10,UT-BOILE-040,21,Open
WMS-00152-0,SH-00152,W-LON,ASN Received,2026-06-16T12:25,UT-SENSO-019,2,Exception
WMS-00152-1,SH-00152,W-GLA,Goods Received,2026-06-16T14:17,UT-SENSO-019,21,Completed
WMS-00152-2,SH-00152,W-COV,Putaway Completed,2026-06-16T16:55,UT-SENSO-019,23,Open
WMS-00152-3,SH-00152,W-LON,Stock Adjustment,2026-06-16T18:31,UT-SENSO-019,6,Open
WMS-00152-4,SH-00152,W-COV,Pick Started,2026-06-16T20:02,UT-SENSO-019,12,Completed
WMS-00152-5,SH-00152,W-MAN,Pick Completed,2026-06-16T22:45,UT-SENSO-019,24,Completed
WMS-00152-6,SH-00152,W-MAN,Pack Completed,2026-06-17T00:05,UT-SENSO-019,14,Completed
WMS-00152-7,SH-00152,W-COV,Shipment Created,2026-06-17T02:28,UT-SENSO-019,21,Exception
WMS-00153-0,SH-00153,W-COV,ASN Received,2026-06-09T11:36,UT-PIPEW-041,15,Completed
WMS-00153-1,SH-00153,W-COV,Goods Received,2026-06-09T13:58,UT-PIPEW-041,3,Completed
WMS-00153-2,SH-00153,W-COV,Putaway Completed,2026-06-09T15:11,UT-PIPEW-041,11,Exception
WMS-00153-3,SH-00153,W-COV,Stock Adjustment,2026-06-09T17:49,UT-PIPEW-041,6,Completed
WMS-00153-4,SH-00153,W-MAN,Pick Started,2026-06-09T19:40,UT-PIPEW-041,12,Open
WMS-00153-5,SH-00153,W-COV,Pick Completed,2026-06-09T21:56,UT-PIPEW-041,24,Completed
WMS-00154-0,SH-00154,W-GLA,ASN Received,2026-06-05T12:44,UT-PUMP-088,17,Exception
WMS-00154-1,SH-00154,W-GLA,Goods Received,2026-06-05T14:05,UT-PUMP-088,17,Completed
WMS-00154-2,SH-00154,W-GLA,Putaway Completed,2026-06-05T16:13,UT-PUMP-088,15,Open
WMS-00154-3,SH-00154,W-COV,Stock Adjustment,2026-06-05T18:59,UT-PUMP-088,4,Exception
WMS-00155-0,SH-00155,W-COV,ASN Received,2026-06-05T15:59,UT-PUMP-081,8,Exception
WMS-00155-1,SH-00155,W-COV,Goods Received,2026-06-05T17:26,UT-PUMP-081,14,Open
WMS-00155-2,SH-00155,W-LON,Putaway Completed,2026-06-05T19:37,UT-PUMP-081,1,Completed
WMS-00155-3,SH-00155,W-MAN,Stock Adjustment,2026-06-05T21:59,UT-PUMP-081,10,Exception
WMS-00155-4,SH-00155,W-MAN,Pick Started,2026-06-05T23:36,UT-PUMP-081,5,Completed
WMS-00156-0,SH-00156,W-MAN,ASN Received,2026-06-10T10:25,UT-PUMP-043,11,Open
WMS-00156-1,SH-00156,W-LON,Goods Received,2026-06-10T12:38,UT-PUMP-043,13,Exception
WMS-00156-2,SH-00156,W-COV,Putaway Completed,2026-06-10T14:22,UT-PUMP-043,16,Exception
WMS-00156-3,SH-00156,W-COV,Stock Adjustment,2026-06-10T16:14,UT-PUMP-043,20,Completed
WMS-00156-4,SH-00156,W-MAN,Pick Started,2026-06-10T18:23,UT-PUMP-043,12,Open
WMS-00157-0,SH-00157,W-COV,ASN Received,2026-06-03T18:19,UT-METER-001,14,Open
WMS-00157-1,SH-00157,W-COV,Goods Received,2026-06-03T20:38,UT-METER-001,15,Exception
WMS-00157-2,SH-00157,W-GLA,Putaway Completed,2026-06-03T22:49,UT-METER-001,16,Exception
WMS-00157-3,SH-00157,W-GLA,Stock Adjustment,2026-06-04T00:54,UT-METER-001,18,Open
WMS-00157-4,SH-00157,W-COV,Pick Started,2026-06-04T02:50,UT-METER-001,6,Open
WMS-00157-5,SH-00157,W-LON,Pick Completed,2026-06-04T04:55,UT-METER-001,22,Completed
WMS-00158-0,SH-00158,W-LON,ASN Received,2026-06-07T16:15,UT-METER-001,6,Completed
WMS-00158-1,SH-00158,W-COV,Goods Received,2026-06-07T18:08,UT-METER-001,24,Completed
WMS-00158-2,SH-00158,W-LON,Putaway Completed,2026-06-07T20:27,UT-METER-001,9,Open
WMS-00158-3,SH-00158,W-LON,Stock Adjustment,2026-06-07T22:44,UT-METER-001,20,Completed
WMS-00158-4,SH-00158,W-LON,Pick Started,2026-06-08T00:02,UT-METER-001,3,Open
WMS-00158-5,SH-00158,W-GLA,Pick Completed,2026-06-08T02:02,UT-METER-001,5,Exception
WMS-00158-6,SH-00158,W-COV,Pack Completed,2026-06-08T04:24,UT-METER-001,17,Exception
WMS-00159-0,SH-00159,W-GLA,ASN Received,2026-06-14T14:29,UT-METER-044,20,Exception
WMS-00159-1,SH-00159,W-GLA,Goods Received,2026-06-14T16:06,UT-METER-044,8,Completed
WMS-00159-2,SH-00159,W-COV,Putaway Completed,2026-06-14T18:45,UT-METER-044,11,Completed
WMS-00159-3,SH-00159,W-COV,Stock Adjustment,2026-06-14T20:39,UT-METER-044,10,Exception
WMS-00159-4,SH-00159,W-LON,Pick Started,2026-06-14T22:37,UT-METER-044,14,Exception
WMS-00160-0,SH-00160,W-LON,ASN Received,2026-06-16T16:26,UT-PUMP-043,1,Open
WMS-00160-1,SH-00160,W-LON,Goods Received,2026-06-16T18:15,UT-PUMP-043,13,Exception
WMS-00160-2,SH-00160,W-MAN,Putaway Completed,2026-06-16T20:24,UT-PUMP-043,20,Completed
WMS-00160-3,SH-00160,W-COV,Stock Adjustment,2026-06-16T22:25,UT-PUMP-043,7,Completed
WMS-00160-4,SH-00160,W-COV,Pick Started,2026-06-17T00:36,UT-PUMP-043,10,Completed
WMS-00160-5,SH-00160,W-MAN,Pick Completed,2026-06-17T02:49,UT-PUMP-043,24,Open
WMS-00160-6,SH-00160,W-LON,Pack Completed,2026-06-17T04:22,UT-PUMP-043,7,Open
WMS-00161-0,SH-00161,W-MAN,ASN Received,2026-06-21T09:10,UT-BOILE-036,19,Exception
WMS-00161-1,SH-00161,W-LON,Goods Received,2026-06-21T11:43,UT-BOILE-036,3,Open
WMS-00161-2,SH-00161,W-COV,Putaway Completed,2026-06-21T13:47,UT-BOILE-036,20,Exception
WMS-00161-3,SH-00161,W-LON,Stock Adjustment,2026-06-21T15:35,UT-BOILE-036,17,Completed
WMS-00161-4,SH-00161,W-MAN,Pick Started,2026-06-21T17:29,UT-BOILE-036,12,Exception
WMS-00161-5,SH-00161,W-MAN,Pick Completed,2026-06-21T19:11,UT-BOILE-036,16,Exception
WMS-00161-6,SH-00161,W-MAN,Pack Completed,2026-06-21T21:20,UT-BOILE-036,5,Open
WMS-00162-0,SH-00162,W-LON,ASN Received,2026-06-15T11:27,UT-BOILE-004,4,Completed
WMS-00162-1,SH-00162,W-MAN,Goods Received,2026-06-15T13:54,UT-BOILE-004,9,Exception
WMS-00162-2,SH-00162,W-COV,Putaway Completed,2026-06-15T15:46,UT-BOILE-004,6,Open
WMS-00162-3,SH-00162,W-LON,Stock Adjustment,2026-06-15T17:42,UT-BOILE-004,11,Completed
WMS-00162-4,SH-00162,W-MAN,Pick Started,2026-06-15T19:50,UT-BOILE-004,16,Completed
WMS-00162-5,SH-00162,W-GLA,Pick Completed,2026-06-15T21:06,UT-BOILE-004,11,Exception
WMS-00162-6,SH-00162,W-COV,Pack Completed,2026-06-15T23:29,UT-BOILE-004,23,Open
WMS-00162-7,SH-00162,W-MAN,Shipment Created,2026-06-16T01:48,UT-BOILE-004,9,Open
WMS-00163-0,SH-00163,W-MAN,ASN Received,2026-06-15T12:22,UT-EV-089,21,Completed
WMS-00163-1,SH-00163,W-GLA,Goods Received,2026-06-15T14:33,UT-EV-089,12,Open
WMS-00163-2,SH-00163,W-LON,Putaway Completed,2026-06-15T16:41,UT-EV-089,6,Exception
WMS-00163-3,SH-00163,W-LON,Stock Adjustment,2026-06-15T18:11,UT-EV-089,16,Open
WMS-00163-4,SH-00163,W-COV,Pick Started,2026-06-15T20:42,UT-EV-089,3,Open
WMS-00163-5,SH-00163,W-MAN,Pick Completed,2026-06-15T22:19,UT-EV-089,7,Completed
WMS-00164-0,SH-00164,W-MAN,ASN Received,2026-06-21T11:46,UT-BOILE-036,3,Completed
WMS-00164-1,SH-00164,W-GLA,Goods Received,2026-06-21T13:03,UT-BOILE-036,7,Completed
WMS-00164-2,SH-00164,W-MAN,Putaway Completed,2026-06-21T15:37,UT-BOILE-036,19,Open
WMS-00165-0,SH-00165,W-GLA,ASN Received,2026-06-11T18:43,UT-PIPEW-013,18,Exception
WMS-00165-1,SH-00165,W-GLA,Goods Received,2026-06-11T20:40,UT-PIPEW-013,15,Completed
WMS-00165-2,SH-00165,W-MAN,Putaway Completed,2026-06-11T22:31,UT-PIPEW-013,1,Open
WMS-00165-3,SH-00165,W-LON,Stock Adjustment,2026-06-12T00:31,UT-PIPEW-013,6,Completed
WMS-00165-4,SH-00165,W-COV,Pick Started,2026-06-12T02:48,UT-PIPEW-013,14,Exception
WMS-00166-0,SH-00166,W-GLA,ASN Received,2026-06-21T18:53,UT-PIPEW-013,24,Open
WMS-00166-1,SH-00166,W-LON,Goods Received,2026-06-21T20:19,UT-PIPEW-013,14,Exception
WMS-00166-2,SH-00166,W-LON,Putaway Completed,2026-06-21T22:48,UT-PIPEW-013,14,Completed
WMS-00166-3,SH-00166,W-LON,Stock Adjustment,2026-06-22T00:03,UT-PIPEW-013,14,Open
WMS-00166-4,SH-00166,W-MAN,Pick Started,2026-06-22T02:29,UT-PIPEW-013,9,Completed
WMS-00167-0,SH-00167,W-LON,ASN Received,2026-06-10T13:08,UT-BOILE-026,24,Completed
WMS-00167-1,SH-00167,W-GLA,Goods Received,2026-06-10T15:49,UT-BOILE-026,24,Open
WMS-00167-2,SH-00167,W-MAN,Putaway Completed,2026-06-10T17:55,UT-BOILE-026,5,Exception
WMS-00168-0,SH-00168,W-GLA,ASN Received,2026-06-15T11:50,UT-PUMP-074,18,Open
WMS-00168-1,SH-00168,W-GLA,Goods Received,2026-06-15T13:36,UT-PUMP-074,11,Exception
WMS-00168-2,SH-00168,W-COV,Putaway Completed,2026-06-15T15:47,UT-PUMP-074,3,Exception
WMS-00169-0,SH-00169,W-LON,ASN Received,2026-06-06T16:41,UT-SENSO-072,22,Completed
WMS-00169-1,SH-00169,W-GLA,Goods Received,2026-06-06T18:57,UT-SENSO-072,23,Exception
WMS-00169-2,SH-00169,W-MAN,Putaway Completed,2026-06-06T20:12,UT-SENSO-072,5,Completed
WMS-00169-3,SH-00169,W-GLA,Stock Adjustment,2026-06-06T22:11,UT-SENSO-072,4,Completed
WMS-00169-4,SH-00169,W-COV,Pick Started,2026-06-07T00:49,UT-SENSO-072,5,Exception
WMS-00169-5,SH-00169,W-GLA,Pick Completed,2026-06-07T02:04,UT-SENSO-072,11,Open
WMS-00169-6,SH-00169,W-MAN,Pack Completed,2026-06-07T04:42,UT-SENSO-072,7,Completed
WMS-00170-0,SH-00170,W-GLA,ASN Received,2026-06-08T11:32,UT-BOILE-021,4,Open
WMS-00170-1,SH-00170,W-COV,Goods Received,2026-06-08T13:00,UT-BOILE-021,13,Open
WMS-00170-2,SH-00170,W-LON,Putaway Completed,2026-06-08T15:54,UT-BOILE-021,4,Open
WMS-00170-3,SH-00170,W-GLA,Stock Adjustment,2026-06-08T17:19,UT-BOILE-021,3,Open
WMS-00170-4,SH-00170,W-GLA,Pick Started,2026-06-08T19:14,UT-BOILE-021,23,Completed
WMS-00170-5,SH-00170,W-LON,Pick Completed,2026-06-08T21:56,UT-BOILE-021,16,Completed
WMS-00171-0,SH-00171,W-MAN,ASN Received,2026-06-05T11:58,UT-PIPEW-083,14,Completed
WMS-00171-1,SH-00171,W-LON,Goods Received,2026-06-05T13:48,UT-PIPEW-083,20,Exception
WMS-00171-2,SH-00171,W-MAN,Putaway Completed,2026-06-05T15:10,UT-PIPEW-083,4,Completed
WMS-00172-0,SH-00172,W-LON,ASN Received,2026-06-03T09:42,UT-PUMP-029,19,Exception
WMS-00172-1,SH-00172,W-GLA,Goods Received,2026-06-03T11:48,UT-PUMP-029,5,Open
WMS-00172-2,SH-00172,W-LON,Putaway Completed,2026-06-03T13:23,UT-PUMP-029,22,Completed
WMS-00172-3,SH-00172,W-COV,Stock Adjustment,2026-06-03T15:47,UT-PUMP-029,13,Exception
WMS-00172-4,SH-00172,W-COV,Pick Started,2026-06-03T17:50,UT-PUMP-029,7,Completed
WMS-00173-0,SH-00173,W-COV,ASN Received,2026-06-08T10:07,UT-SENSO-019,18,Exception
WMS-00173-1,SH-00173,W-GLA,Goods Received,2026-06-08T12:08,UT-SENSO-019,12,Open
WMS-00173-2,SH-00173,W-LON,Putaway Completed,2026-06-08T14:27,UT-SENSO-019,18,Completed
WMS-00173-3,SH-00173,W-MAN,Stock Adjustment,2026-06-08T16:25,UT-SENSO-019,17,Completed
WMS-00173-4,SH-00173,W-MAN,Pick Started,2026-06-08T18:53,UT-SENSO-019,22,Completed
WMS-00173-5,SH-00173,W-COV,Pick Completed,2026-06-08T20:12,UT-SENSO-019,24,Exception
WMS-00174-0,SH-00174,W-GLA,ASN Received,2026-06-19T16:13,UT-SENSO-068,24,Exception
WMS-00174-1,SH-00174,W-COV,Goods Received,2026-06-19T18:03,UT-SENSO-068,14,Completed
WMS-00174-2,SH-00174,W-MAN,Putaway Completed,2026-06-19T20:30,UT-SENSO-068,6,Completed
WMS-00174-3,SH-00174,W-LON,Stock Adjustment,2026-06-19T22:50,UT-SENSO-068,6,Exception
WMS-00174-4,SH-00174,W-LON,Pick Started,2026-06-20T00:25,UT-SENSO-068,19,Completed
WMS-00174-5,SH-00174,W-MAN,Pick Completed,2026-06-20T02:53,UT-SENSO-068,12,Completed
WMS-00174-6,SH-00174,W-MAN,Pack Completed,2026-06-20T04:17,UT-SENSO-068,5,Open
WMS-00174-7,SH-00174,W-COV,Shipment Created,2026-06-20T06:46,UT-SENSO-068,24,Exception
WMS-00175-0,SH-00175,W-LON,ASN Received,2026-06-05T18:26,UT-EV-020,2,Exception
WMS-00175-1,SH-00175,W-COV,Goods Received,2026-06-05T20:55,UT-EV-020,9,Exception
WMS-00175-2,SH-00175,W-GLA,Putaway Completed,2026-06-05T22:57,UT-EV-020,9,Exception
WMS-00175-3,SH-00175,W-GLA,Stock Adjustment,2026-06-06T00:26,UT-EV-020,22,Open
WMS-00175-4,SH-00175,W-GLA,Pick Started,2026-06-06T02:05,UT-EV-020,1,Completed
WMS-00175-5,SH-00175,W-LON,Pick Completed,2026-06-06T04:15,UT-EV-020,19,Open
WMS-00175-6,SH-00175,W-MAN,Pack Completed,2026-06-06T06:37,UT-EV-020,14,Exception
WMS-00175-7,SH-00175,W-GLA,Shipment Created,2026-06-06T08:06,UT-EV-020,23,Open
WMS-00176-0,SH-00176,W-GLA,ASN Received,2026-06-20T16:58,UT-VALVE-078,14,Completed
WMS-00176-1,SH-00176,W-LON,Goods Received,2026-06-20T18:54,UT-VALVE-078,9,Open
WMS-00176-2,SH-00176,W-GLA,Putaway Completed,2026-06-20T20:22,UT-VALVE-078,8,Open
WMS-00177-0,SH-00177,W-MAN,ASN Received,2026-06-21T12:37,UT-PIPEW-007,10,Exception
WMS-00177-1,SH-00177,W-GLA,Goods Received,2026-06-21T14:48,UT-PIPEW-007,18,Exception
WMS-00177-2,SH-00177,W-MAN,Putaway Completed,2026-06-21T16:25,UT-PIPEW-007,20,Exception
WMS-00178-0,SH-00178,W-MAN,ASN Received,2026-06-20T18:26,UT-BOILE-026,6,Exception
WMS-00178-1,SH-00178,W-LON,Goods Received,2026-06-20T20:40,UT-BOILE-026,19,Open
WMS-00178-2,SH-00178,W-GLA,Putaway Completed,2026-06-20T22:45,UT-BOILE-026,12,Open
WMS-00178-3,SH-00178,W-LON,Stock Adjustment,2026-06-21T00:23,UT-BOILE-026,12,Completed
WMS-00178-4,SH-00178,W-GLA,Pick Started,2026-06-21T02:34,UT-BOILE-026,12,Completed
WMS-00178-5,SH-00178,W-MAN,Pick Completed,2026-06-21T04:20,UT-BOILE-026,23,Completed
WMS-00178-6,SH-00178,W-MAN,Pack Completed,2026-06-21T06:06,UT-BOILE-026,17,Exception
WMS-00179-0,SH-00179,W-MAN,ASN Received,2026-06-20T11:36,UT-PUMP-069,17,Open
WMS-00179-1,SH-00179,W-MAN,Goods Received,2026-06-20T13:49,UT-PUMP-069,18,Exception
WMS-00179-2,SH-00179,W-GLA,Putaway Completed,2026-06-20T15:55,UT-PUMP-069,1,Exception
WMS-00179-3,SH-00179,W-COV,Stock Adjustment,2026-06-20T17:45,UT-PUMP-069,12,Exception
WMS-00179-4,SH-00179,W-COV,Pick Started,2026-06-20T19:49,UT-PUMP-069,3,Exception
WMS-00180-0,SH-00180,W-LON,ASN Received,2026-06-07T11:48,UT-SENSO-068,4,Exception
WMS-00180-1,SH-00180,W-GLA,Goods Received,2026-06-07T13:01,UT-SENSO-068,20,Completed
WMS-00180-2,SH-00180,W-COV,Putaway Completed,2026-06-07T15:43,UT-SENSO-068,12,Completed
WMS-00180-3,SH-00180,W-MAN,Stock Adjustment,2026-06-07T17:00,UT-SENSO-068,17,Completed
WMS-00180-4,SH-00180,W-COV,Pick Started,2026-06-07T19:20,UT-SENSO-068,13,Open
WMS-00181-0,SH-00181,W-COV,ASN Received,2026-06-03T10:42,UT-EV-073,18,Completed
WMS-00181-1,SH-00181,W-GLA,Goods Received,2026-06-03T12:15,UT-EV-073,12,Completed
WMS-00181-2,SH-00181,W-MAN,Putaway Completed,2026-06-03T14:52,UT-EV-073,16,Completed
WMS-00181-3,SH-00181,W-LON,Stock Adjustment,2026-06-03T16:02,UT-EV-073,12,Completed
WMS-00181-4,SH-00181,W-LON,Pick Started,2026-06-03T18:51,UT-EV-073,22,Exception
WMS-00181-5,SH-00181,W-COV,Pick Completed,2026-06-03T20:54,UT-EV-073,17,Completed
WMS-00182-0,SH-00182,W-COV,ASN Received,2026-06-19T17:34,UT-BOILE-084,1,Completed
WMS-00182-1,SH-00182,W-GLA,Goods Received,2026-06-19T19:24,UT-BOILE-084,7,Open
WMS-00182-2,SH-00182,W-COV,Putaway Completed,2026-06-19T21:52,UT-BOILE-084,22,Open
WMS-00182-3,SH-00182,W-MAN,Stock Adjustment,2026-06-19T23:32,UT-BOILE-084,12,Exception
WMS-00182-4,SH-00182,W-COV,Pick Started,2026-06-20T01:58,UT-BOILE-084,7,Completed
WMS-00182-5,SH-00182,W-LON,Pick Completed,2026-06-20T03:11,UT-BOILE-084,8,Exception
WMS-00182-6,SH-00182,W-GLA,Pack Completed,2026-06-20T05:04,UT-BOILE-084,23,Completed
WMS-00182-7,SH-00182,W-LON,Shipment Created,2026-06-20T07:13,UT-BOILE-084,19,Exception
WMS-00183-0,SH-00183,W-LON,ASN Received,2026-06-07T09:08,UT-VALVE-002,22,Exception
WMS-00183-1,SH-00183,W-MAN,Goods Received,2026-06-07T11:04,UT-VALVE-002,21,Completed
WMS-00183-2,SH-00183,W-COV,Putaway Completed,2026-06-07T13:10,UT-VALVE-002,16,Completed
WMS-00184-0,SH-00184,W-COV,ASN Received,2026-06-09T18:42,UT-PUMP-069,17,Completed
WMS-00184-1,SH-00184,W-MAN,Goods Received,2026-06-09T20:46,UT-PUMP-069,11,Completed
WMS-00184-2,SH-00184,W-COV,Putaway Completed,2026-06-09T22:09,UT-PUMP-069,11,Open
WMS-00184-3,SH-00184,W-MAN,Stock Adjustment,2026-06-10T00:22,UT-PUMP-069,15,Completed
WMS-00184-4,SH-00184,W-COV,Pick Started,2026-06-10T02:25,UT-PUMP-069,13,Completed
WMS-00184-5,SH-00184,W-GLA,Pick Completed,2026-06-10T04:32,UT-PUMP-069,3,Completed
WMS-00185-0,SH-00185,W-LON,ASN Received,2026-06-15T08:18,UT-PUMP-081,22,Exception
WMS-00185-1,SH-00185,W-LON,Goods Received,2026-06-15T10:28,UT-PUMP-081,24,Completed
WMS-00185-2,SH-00185,W-LON,Putaway Completed,2026-06-15T12:39,UT-PUMP-081,9,Open
WMS-00185-3,SH-00185,W-LON,Stock Adjustment,2026-06-15T14:30,UT-PUMP-081,5,Open
WMS-00185-4,SH-00185,W-GLA,Pick Started,2026-06-15T16:14,UT-PUMP-081,5,Open
WMS-00185-5,SH-00185,W-MAN,Pick Completed,2026-06-15T18:24,UT-PUMP-081,9,Completed
WMS-00185-6,SH-00185,W-GLA,Pack Completed,2026-06-15T20:47,UT-PUMP-081,1,Open
WMS-00186-0,SH-00186,W-COV,ASN Received,2026-06-14T16:34,UT-SENSO-019,21,Open
WMS-00186-1,SH-00186,W-GLA,Goods Received,2026-06-14T18:57,UT-SENSO-019,20,Open
WMS-00186-2,SH-00186,W-COV,Putaway Completed,2026-06-14T20:12,UT-SENSO-019,7,Open
WMS-00186-3,SH-00186,W-MAN,Stock Adjustment,2026-06-14T22:42,UT-SENSO-019,13,Exception
WMS-00186-4,SH-00186,W-LON,Pick Started,2026-06-15T00:11,UT-SENSO-019,15,Completed
WMS-00186-5,SH-00186,W-MAN,Pick Completed,2026-06-15T02:24,UT-SENSO-019,19,Exception
WMS-00187-0,SH-00187,W-MAN,ASN Received,2026-06-21T14:57,UT-EV-035,5,Completed
WMS-00187-1,SH-00187,W-LON,Goods Received,2026-06-21T16:07,UT-EV-035,18,Exception
WMS-00187-2,SH-00187,W-LON,Putaway Completed,2026-06-21T18:10,UT-EV-035,18,Exception
WMS-00187-3,SH-00187,W-LON,Stock Adjustment,2026-06-21T20:44,UT-EV-035,9,Exception
WMS-00187-4,SH-00187,W-MAN,Pick Started,2026-06-21T22:07,UT-EV-035,22,Completed
WMS-00187-5,SH-00187,W-LON,Pick Completed,2026-06-22T00:06,UT-EV-035,2,Completed
WMS-00187-6,SH-00187,W-LON,Pack Completed,2026-06-22T02:30,UT-EV-035,13,Open
WMS-00188-0,SH-00188,W-GLA,ASN Received,2026-06-15T17:57,UT-EV-003,6,Completed
WMS-00188-1,SH-00188,W-MAN,Goods Received,2026-06-15T19:44,UT-EV-003,10,Open
WMS-00188-2,SH-00188,W-LON,Putaway Completed,2026-06-15T21:27,UT-EV-003,11,Completed
WMS-00188-3,SH-00188,W-GLA,Stock Adjustment,2026-06-15T23:47,UT-EV-003,22,Open
WMS-00188-4,SH-00188,W-COV,Pick Started,2026-06-16T01:21,UT-EV-003,18,Completed
WMS-00188-5,SH-00188,W-MAN,Pick Completed,2026-06-16T03:55,UT-EV-003,20,Completed
WMS-00189-0,SH-00189,W-COV,ASN Received,2026-06-13T11:47,UT-PUMP-074,11,Exception
WMS-00189-1,SH-00189,W-COV,Goods Received,2026-06-13T13:09,UT-PUMP-074,19,Exception
WMS-00189-2,SH-00189,W-LON,Putaway Completed,2026-06-13T15:40,UT-PUMP-074,11,Exception
WMS-00190-0,SH-00190,W-MAN,ASN Received,2026-06-05T11:44,UT-SENSO-079,4,Exception
WMS-00190-1,SH-00190,W-COV,Goods Received,2026-06-05T13:12,UT-SENSO-079,6,Open
WMS-00190-2,SH-00190,W-MAN,Putaway Completed,2026-06-05T15:10,UT-SENSO-079,13,Exception
WMS-00190-3,SH-00190,W-GLA,Stock Adjustment,2026-06-05T17:38,UT-SENSO-079,14,Exception
WMS-00190-4,SH-00190,W-GLA,Pick Started,2026-06-05T19:13,UT-SENSO-079,14,Open
WMS-00190-5,SH-00190,W-GLA,Pick Completed,2026-06-05T21:47,UT-SENSO-079,8,Exception
WMS-00190-6,SH-00190,W-COV,Pack Completed,2026-06-05T23:41,UT-SENSO-079,22,Open
WMS-00191-0,SH-00191,W-MAN,ASN Received,2026-06-03T15:47,UT-BOILE-021,13,Open
WMS-00191-1,SH-00191,W-COV,Goods Received,2026-06-03T17:55,UT-BOILE-021,5,Open
WMS-00191-2,SH-00191,W-LON,Putaway Completed,2026-06-03T19:55,UT-BOILE-021,21,Completed
WMS-00191-3,SH-00191,W-LON,Stock Adjustment,2026-06-03T21:23,UT-BOILE-021,1,Open
WMS-00192-0,SH-00192,W-GLA,ASN Received,2026-06-07T09:40,UT-EV-023,6,Open
WMS-00192-1,SH-00192,W-GLA,Goods Received,2026-06-07T11:43,UT-EV-023,20,Open
WMS-00192-2,SH-00192,W-COV,Putaway Completed,2026-06-07T13:38,UT-EV-023,5,Exception
WMS-00193-0,SH-00193,W-GLA,ASN Received,2026-06-05T13:04,UT-METER-044,15,Open
WMS-00193-1,SH-00193,W-MAN,Goods Received,2026-06-05T15:50,UT-METER-044,9,Exception
WMS-00193-2,SH-00193,W-MAN,Putaway Completed,2026-06-05T17:23,UT-METER-044,2,Open
WMS-00193-3,SH-00193,W-MAN,Stock Adjustment,2026-06-05T19:14,UT-METER-044,21,Completed
WMS-00193-4,SH-00193,W-GLA,Pick Started,2026-06-05T21:22,UT-METER-044,20,Open
WMS-00193-5,SH-00193,W-MAN,Pick Completed,2026-06-05T23:50,UT-METER-044,9,Open
WMS-00194-0,SH-00194,W-MAN,ASN Received,2026-06-07T18:37,UT-PIPEW-041,5,Open
WMS-00194-1,SH-00194,W-COV,Goods Received,2026-06-07T20:07,UT-PIPEW-041,2,Open
WMS-00194-2,SH-00194,W-LON,Putaway Completed,2026-06-07T22:23,UT-PIPEW-041,5,Open
WMS-00194-3,SH-00194,W-LON,Stock Adjustment,2026-06-08T00:35,UT-PIPEW-041,1,Exception
WMS-00194-4,SH-00194,W-LON,Pick Started,2026-06-08T02:41,UT-PIPEW-041,11,Open
WMS-00195-0,SH-00195,W-MAN,ASN Received,2026-06-21T12:15,UT-BOILE-042,2,Exception
WMS-00195-1,SH-00195,W-COV,Goods Received,2026-06-21T14:03,UT-BOILE-042,21,Exception
WMS-00195-2,SH-00195,W-MAN,Putaway Completed,2026-06-21T16:30,UT-BOILE-042,2,Completed
WMS-00195-3,SH-00195,W-MAN,Stock Adjustment,2026-06-21T18:48,UT-BOILE-042,8,Completed
WMS-00195-4,SH-00195,W-MAN,Pick Started,2026-06-21T20:32,UT-BOILE-042,11,Open
WMS-00196-0,SH-00196,W-MAN,ASN Received,2026-06-01T16:20,UT-EV-082,9,Open
WMS-00196-1,SH-00196,W-COV,Goods Received,2026-06-01T18:41,UT-EV-082,10,Open
WMS-00196-2,SH-00196,W-COV,Putaway Completed,2026-06-01T20:28,UT-EV-082,20,Exception
WMS-00196-3,SH-00196,W-LON,Stock Adjustment,2026-06-01T22:13,UT-EV-082,6,Completed
WMS-00196-4,SH-00196,W-COV,Pick Started,2026-06-02T00:24,UT-EV-082,4,Exception
WMS-00197-0,SH-00197,W-GLA,ASN Received,2026-06-07T17:59,UT-BOILE-026,1,Open
WMS-00197-1,SH-00197,W-LON,Goods Received,2026-06-07T19:24,UT-BOILE-026,24,Exception
WMS-00197-2,SH-00197,W-MAN,Putaway Completed,2026-06-07T21:06,UT-BOILE-026,2,Open
WMS-00198-0,SH-00198,W-LON,ASN Received,2026-06-12T09:01,UT-PIPEW-083,2,Open
WMS-00198-1,SH-00198,W-LON,Goods Received,2026-06-12T11:53,UT-PIPEW-083,15,Open
WMS-00198-2,SH-00198,W-MAN,Putaway Completed,2026-06-12T13:00,UT-PIPEW-083,19,Completed
WMS-00198-3,SH-00198,W-COV,Stock Adjustment,2026-06-12T15:49,UT-PIPEW-083,9,Exception
WMS-00198-4,SH-00198,W-GLA,Pick Started,2026-06-12T17:46,UT-PIPEW-083,16,Completed
WMS-00198-5,SH-00198,W-GLA,Pick Completed,2026-06-12T19:01,UT-PIPEW-083,22,Open
WMS-00198-6,SH-00198,W-MAN,Pack Completed,2026-06-12T21:15,UT-PIPEW-083,23,Open
WMS-00198-7,SH-00198,W-COV,Shipment Created,2026-06-12T23:41,UT-PIPEW-083,2,Exception
WMS-00199-0,SH-00199,W-GLA,ASN Received,2026-06-08T08:32,UT-SENSO-072,21,Completed
WMS-00199-1,SH-00199,W-GLA,Goods Received,2026-06-08T10:34,UT-SENSO-072,21,Exception
WMS-00199-2,SH-00199,W-MAN,Putaway Completed,2026-06-08T12:54,UT-SENSO-072,19,Completed
WMS-00200-0,SH-00200,W-MAN,ASN Received,2026-06-14T09:34,UT-EV-089,21,Completed
WMS-00200-1,SH-00200,W-MAN,Goods Received,2026-06-14T11:01,UT-EV-089,1,Completed
WMS-00200-2,SH-00200,W-GLA,Putaway Completed,2026-06-14T13:07,UT-EV-089,7,Completed
WMS-00200-3,SH-00200,W-COV,Stock Adjustment,2026-06-14T15:04,UT-EV-089,9,Open
WMS-00200-4,SH-00200,W-COV,Pick Started,2026-06-14T17:27,UT-EV-089,12,Exception
WMS-00201-0,SH-00201,W-GLA,ASN Received,2026-06-11T14:19,UT-VALVE-002,18,Exception
WMS-00201-1,SH-00201,W-LON,Goods Received,2026-06-11T16:13,UT-VALVE-002,20,Open
WMS-00201-2,SH-00201,W-COV,Putaway Completed,2026-06-11T18:00,UT-VALVE-002,22,Completed
WMS-00202-0,SH-00202,W-GLA,ASN Received,2026-06-15T09:55,UT-METER-087,22,Exception
WMS-00202-1,SH-00202,W-LON,Goods Received,2026-06-15T11:14,UT-METER-087,23,Open
WMS-00202-2,SH-00202,W-COV,Putaway Completed,2026-06-15T13:06,UT-METER-087,6,Completed
WMS-00202-3,SH-00202,W-MAN,Stock Adjustment,2026-06-15T15:47,UT-METER-087,20,Exception
WMS-00203-0,SH-00203,W-MAN,ASN Received,2026-06-14T08:09,UT-BOILE-057,10,Completed
WMS-00203-1,SH-00203,W-LON,Goods Received,2026-06-14T10:00,UT-BOILE-057,12,Completed
WMS-00203-2,SH-00203,W-COV,Putaway Completed,2026-06-14T12:07,UT-BOILE-057,17,Exception
WMS-00203-3,SH-00203,W-GLA,Stock Adjustment,2026-06-14T14:37,UT-BOILE-057,17,Completed
WMS-00204-0,SH-00204,W-MAN,ASN Received,2026-06-16T11:47,UT-PUMP-018,5,Open
WMS-00204-1,SH-00204,W-LON,Goods Received,2026-06-16T13:41,UT-PUMP-018,21,Completed
WMS-00204-2,SH-00204,W-MAN,Putaway Completed,2026-06-16T15:38,UT-PUMP-018,17,Open
WMS-00204-3,SH-00204,W-LON,Stock Adjustment,2026-06-16T17:49,UT-PUMP-018,3,Open
WMS-00204-4,SH-00204,W-COV,Pick Started,2026-06-16T19:26,UT-PUMP-018,3,Exception
WMS-00204-5,SH-00204,W-COV,Pick Completed,2026-06-16T21:45,UT-PUMP-018,5,Exception
WMS-00204-6,SH-00204,W-COV,Pack Completed,2026-06-16T23:23,UT-PUMP-018,9,Open
WMS-00205-0,SH-00205,W-MAN,ASN Received,2026-06-10T16:51,UT-SENSO-060,23,Open
WMS-00205-1,SH-00205,W-MAN,Goods Received,2026-06-10T18:43,UT-SENSO-060,22,Open
WMS-00205-2,SH-00205,W-GLA,Putaway Completed,2026-06-10T20:13,UT-SENSO-060,15,Exception
WMS-00205-3,SH-00205,W-MAN,Stock Adjustment,2026-06-10T22:07,UT-SENSO-060,24,Exception
WMS-00205-4,SH-00205,W-GLA,Pick Started,2026-06-11T00:40,UT-SENSO-060,8,Completed
WMS-00205-5,SH-00205,W-GLA,Pick Completed,2026-06-11T02:11,UT-SENSO-060,21,Open
WMS-00205-6,SH-00205,W-GLA,Pack Completed,2026-06-11T04:15,UT-SENSO-060,13,Open
WMS-00206-0,SH-00206,W-COV,ASN Received,2026-06-18T13:17,UT-EV-035,4,Exception
WMS-00206-1,SH-00206,W-GLA,Goods Received,2026-06-18T15:08,UT-EV-035,4,Exception
WMS-00206-2,SH-00206,W-LON,Putaway Completed,2026-06-18T17:13,UT-EV-035,2,Exception
WMS-00207-0,SH-00207,W-COV,ASN Received,2026-06-11T17:15,UT-EV-008,22,Open
WMS-00207-1,SH-00207,W-LON,Goods Received,2026-06-11T19:37,UT-EV-008,20,Open
WMS-00207-2,SH-00207,W-LON,Putaway Completed,2026-06-11T21:13,UT-EV-008,8,Completed
WMS-00208-0,SH-00208,W-MAN,ASN Received,2026-06-15T10:41,UT-SENSO-053,23,Completed
WMS-00208-1,SH-00208,W-LON,Goods Received,2026-06-15T12:45,UT-SENSO-053,1,Open
WMS-00208-2,SH-00208,W-GLA,Putaway Completed,2026-06-15T14:23,UT-SENSO-053,13,Completed
WMS-00209-0,SH-00209,W-GLA,ASN Received,2026-06-14T09:10,UT-SENSO-056,17,Completed
WMS-00209-1,SH-00209,W-MAN,Goods Received,2026-06-14T11:55,UT-SENSO-056,3,Exception
WMS-00209-2,SH-00209,W-COV,Putaway Completed,2026-06-14T13:36,UT-SENSO-056,21,Exception
WMS-00209-3,SH-00209,W-MAN,Stock Adjustment,2026-06-14T15:18,UT-SENSO-056,18,Open
WMS-00209-4,SH-00209,W-LON,Pick Started,2026-06-14T17:57,UT-SENSO-056,6,Completed
WMS-00209-5,SH-00209,W-COV,Pick Completed,2026-06-14T19:51,UT-SENSO-056,7,Exception
WMS-00210-0,SH-00210,W-MAN,ASN Received,2026-06-09T10:10,UT-EV-010,21,Exception
WMS-00210-1,SH-00210,W-COV,Goods Received,2026-06-09T12:04,UT-EV-010,13,Completed
WMS-00210-2,SH-00210,W-COV,Putaway Completed,2026-06-09T14:18,UT-EV-010,15,Exception
WMS-00210-3,SH-00210,W-LON,Stock Adjustment,2026-06-09T16:43,UT-EV-010,13,Exception
WMS-00210-4,SH-00210,W-LON,Pick Started,2026-06-09T18:56,UT-EV-010,17,Open
WMS-00210-5,SH-00210,W-GLA,Pick Completed,2026-06-09T20:50,UT-EV-010,20,Exception
WMS-00210-6,SH-00210,W-LON,Pack Completed,2026-06-09T22:48,UT-EV-010,9,Exception
WMS-00210-7,SH-00210,W-LON,Shipment Created,2026-06-10T00:10,UT-EV-010,17,Open
WMS-00211-0,SH-00211,W-MAN,ASN Received,2026-06-20T13:09,UT-BOILE-005,21,Completed
WMS-00211-1,SH-00211,W-GLA,Goods Received,2026-06-20T15:23,UT-BOILE-005,2,Open
WMS-00211-2,SH-00211,W-LON,Putaway Completed,2026-06-20T17:58,UT-BOILE-005,13,Exception
WMS-00212-0,SH-00212,W-COV,ASN Received,2026-06-12T16:09,UT-EV-010,13,Open
WMS-00212-1,SH-00212,W-LON,Goods Received,2026-06-12T18:46,UT-EV-010,24,Exception
WMS-00212-2,SH-00212,W-GLA,Putaway Completed,2026-06-12T20:09,UT-EV-010,5,Completed
WMS-00212-3,SH-00212,W-COV,Stock Adjustment,2026-06-12T22:39,UT-EV-010,13,Open
WMS-00212-4,SH-00212,W-LON,Pick Started,2026-06-13T00:14,UT-EV-010,2,Completed
WMS-00212-5,SH-00212,W-GLA,Pick Completed,2026-06-13T02:00,UT-EV-010,5,Completed
WMS-00212-6,SH-00212,W-LON,Pack Completed,2026-06-13T04:36,UT-EV-010,7,Open
WMS-00212-7,SH-00212,W-MAN,Shipment Created,2026-06-13T06:27,UT-EV-010,18,Exception
WMS-00213-0,SH-00213,W-GLA,ASN Received,2026-06-06T08:51,UT-EV-027,9,Completed
WMS-00213-1,SH-00213,W-MAN,Goods Received,2026-06-06T10:35,UT-EV-027,8,Completed
WMS-00213-2,SH-00213,W-MAN,Putaway Completed,2026-06-06T12:29,UT-EV-027,5,Completed
WMS-00214-0,SH-00214,W-GLA,ASN Received,2026-06-14T14:37,UT-SENSO-070,13,Completed
WMS-00214-1,SH-00214,W-COV,Goods Received,2026-06-14T16:05,UT-SENSO-070,3,Exception
WMS-00214-2,SH-00214,W-COV,Putaway Completed,2026-06-14T18:09,UT-SENSO-070,18,Open
WMS-00214-3,SH-00214,W-LON,Stock Adjustment,2026-06-14T20:57,UT-SENSO-070,3,Exception
WMS-00214-4,SH-00214,W-MAN,Pick Started,2026-06-14T22:03,UT-SENSO-070,1,Open
WMS-00214-5,SH-00214,W-MAN,Pick Completed,2026-06-15T00:02,UT-SENSO-070,5,Open
WMS-00214-6,SH-00214,W-GLA,Pack Completed,2026-06-15T02:43,UT-SENSO-070,22,Exception
WMS-00215-0,SH-00215,W-GLA,ASN Received,2026-06-02T10:18,UT-SENSO-086,21,Exception
WMS-00215-1,SH-00215,W-LON,Goods Received,2026-06-02T12:26,UT-SENSO-086,8,Open
WMS-00215-2,SH-00215,W-GLA,Putaway Completed,2026-06-02T14:13,UT-SENSO-086,8,Open
WMS-00215-3,SH-00215,W-MAN,Stock Adjustment,2026-06-02T16:45,UT-SENSO-086,5,Completed
WMS-00215-4,SH-00215,W-COV,Pick Started,2026-06-02T18:03,UT-SENSO-086,19,Completed
WMS-00215-5,SH-00215,W-MAN,Pick Completed,2026-06-02T20:06,UT-SENSO-086,15,Completed
WMS-00215-6,SH-00215,W-MAN,Pack Completed,2026-06-02T22:46,UT-SENSO-086,3,Open
WMS-00216-0,SH-00216,W-GLA,ASN Received,2026-06-16T14:09,UT-EV-089,2,Completed
WMS-00216-1,SH-00216,W-MAN,Goods Received,2026-06-16T16:32,UT-EV-089,20,Open
WMS-00216-2,SH-00216,W-GLA,Putaway Completed,2026-06-16T18:58,UT-EV-089,7,Exception
WMS-00216-3,SH-00216,W-MAN,Stock Adjustment,2026-06-16T20:26,UT-EV-089,2,Completed
WMS-00216-4,SH-00216,W-GLA,Pick Started,2026-06-16T22:45,UT-EV-089,11,Exception
WMS-00216-5,SH-00216,W-GLA,Pick Completed,2026-06-17T00:21,UT-EV-089,1,Completed
WMS-00217-0,SH-00217,W-MAN,ASN Received,2026-06-05T13:02,UT-VALVE-065,8,Open
WMS-00217-1,SH-00217,W-MAN,Goods Received,2026-06-05T15:25,UT-VALVE-065,1,Open
WMS-00217-2,SH-00217,W-COV,Putaway Completed,2026-06-05T17:04,UT-VALVE-065,9,Exception
WMS-00218-0,SH-00218,W-COV,ASN Received,2026-06-21T12:48,UT-METER-054,10,Open
WMS-00218-1,SH-00218,W-COV,Goods Received,2026-06-21T14:04,UT-METER-054,5,Completed
WMS-00218-2,SH-00218,W-COV,Putaway Completed,2026-06-21T16:15,UT-METER-054,3,Open
WMS-00218-3,SH-00218,W-MAN,Stock Adjustment,2026-06-21T18:07,UT-METER-054,15,Open
WMS-00218-4,SH-00218,W-COV,Pick Started,2026-06-21T20:32,UT-METER-054,18,Open
WMS-00219-0,SH-00219,W-LON,ASN Received,2026-06-03T13:35,UT-VALVE-016,15,Open
WMS-00219-1,SH-00219,W-GLA,Goods Received,2026-06-03T15:41,UT-VALVE-016,12,Completed
WMS-00219-2,SH-00219,W-COV,Putaway Completed,2026-06-03T17:02,UT-VALVE-016,15,Completed
WMS-00219-3,SH-00219,W-COV,Stock Adjustment,2026-06-03T19:36,UT-VALVE-016,12,Completed
WMS-00219-4,SH-00219,W-GLA,Pick Started,2026-06-03T21:41,UT-VALVE-016,11,Open
WMS-00219-5,SH-00219,W-COV,Pick Completed,2026-06-03T23:20,UT-VALVE-016,15,Completed
WMS-00219-6,SH-00219,W-MAN,Pack Completed,2026-06-04T01:53,UT-VALVE-016,4,Exception
WMS-00219-7,SH-00219,W-COV,Shipment Created,2026-06-04T03:37,UT-VALVE-016,5,Open
WMS-00220-0,SH-00220,W-COV,ASN Received,2026-06-04T17:06,UT-PUMP-071,9,Open
WMS-00220-1,SH-00220,W-GLA,Goods Received,2026-06-04T19:56,UT-PUMP-071,4,Completed
WMS-00220-2,SH-00220,W-MAN,Putaway Completed,2026-06-04T21:37,UT-PUMP-071,3,Completed
WMS-00220-3,SH-00220,W-COV,Stock Adjustment,2026-06-04T23:17,UT-PUMP-071,10,Exception
WMS-00220-4,SH-00220,W-COV,Pick Started,2026-06-05T01:51,UT-PUMP-071,23,Exception
WMS-00221-0,SH-00221,W-MAN,ASN Received,2026-06-18T18:46,UT-EV-089,23,Completed
WMS-00221-1,SH-00221,W-MAN,Goods Received,2026-06-18T20:47,UT-EV-089,22,Exception
WMS-00221-2,SH-00221,W-MAN,Putaway Completed,2026-06-18T22:26,UT-EV-089,1,Exception
WMS-00221-3,SH-00221,W-GLA,Stock Adjustment,2026-06-19T00:36,UT-EV-089,24,Completed
WMS-00221-4,SH-00221,W-LON,Pick Started,2026-06-19T02:35,UT-EV-089,8,Completed
WMS-00221-5,SH-00221,W-LON,Pick Completed,2026-06-19T04:13,UT-EV-089,20,Exception
WMS-00222-0,SH-00222,W-MAN,ASN Received,2026-06-12T10:45,UT-BOILE-025,4,Exception
WMS-00222-1,SH-00222,W-COV,Goods Received,2026-06-12T12:26,UT-BOILE-025,4,Open
WMS-00222-2,SH-00222,W-MAN,Putaway Completed,2026-06-12T14:28,UT-BOILE-025,5,Completed
WMS-00222-3,SH-00222,W-COV,Stock Adjustment,2026-06-12T16:55,UT-BOILE-025,12,Open
WMS-00222-4,SH-00222,W-LON,Pick Started,2026-06-12T18:24,UT-BOILE-025,22,Exception
WMS-00222-5,SH-00222,W-GLA,Pick Completed,2026-06-12T20:28,UT-BOILE-025,22,Completed
WMS-00222-6,SH-00222,W-MAN,Pack Completed,2026-06-12T22:13,UT-BOILE-025,13,Open
WMS-00222-7,SH-00222,W-MAN,Shipment Created,2026-06-13T00:55,UT-BOILE-025,22,Exception
WMS-00223-0,SH-00223,W-LON,ASN Received,2026-06-14T08:24,UT-EV-063,8,Exception
WMS-00223-1,SH-00223,W-MAN,Goods Received,2026-06-14T10:07,UT-EV-063,9,Exception
WMS-00223-2,SH-00223,W-GLA,Putaway Completed,2026-06-14T12:33,UT-EV-063,9,Exception
WMS-00223-3,SH-00223,W-COV,Stock Adjustment,2026-06-14T14:17,UT-EV-063,22,Exception
WMS-00223-4,SH-00223,W-GLA,Pick Started,2026-06-14T16:47,UT-EV-063,13,Completed
WMS-00223-5,SH-00223,W-COV,Pick Completed,2026-06-14T18:36,UT-EV-063,4,Completed
WMS-00223-6,SH-00223,W-GLA,Pack Completed,2026-06-14T20:16,UT-EV-063,8,Exception
WMS-00223-7,SH-00223,W-MAN,Shipment Created,2026-06-14T22:40,UT-EV-063,16,Exception
WMS-00224-0,SH-00224,W-LON,ASN Received,2026-06-18T14:55,UT-EV-020,2,Completed
WMS-00224-1,SH-00224,W-LON,Goods Received,2026-06-18T16:26,UT-EV-020,18,Exception
WMS-00224-2,SH-00224,W-COV,Putaway Completed,2026-06-18T18:06,UT-EV-020,22,Exception
WMS-00224-3,SH-00224,W-LON,Stock Adjustment,2026-06-18T20:45,UT-EV-020,5,Completed
WMS-00225-0,SH-00225,W-GLA,ASN Received,2026-06-04T08:59,UT-BOILE-028,12,Open
WMS-00225-1,SH-00225,W-MAN,Goods Received,2026-06-04T10:01,UT-BOILE-028,24,Completed
WMS-00225-2,SH-00225,W-COV,Putaway Completed,2026-06-04T12:42,UT-BOILE-028,9,Completed
WMS-00225-3,SH-00225,W-MAN,Stock Adjustment,2026-06-04T14:52,UT-BOILE-028,6,Completed
WMS-00225-4,SH-00225,W-COV,Pick Started,2026-06-04T16:46,UT-BOILE-028,6,Completed
WMS-00225-5,SH-00225,W-MAN,Pick Completed,2026-06-04T18:12,UT-BOILE-028,5,Open
WMS-00225-6,SH-00225,W-LON,Pack Completed,2026-06-04T20:03,UT-BOILE-028,22,Open
WMS-00225-7,SH-00225,W-MAN,Shipment Created,2026-06-04T22:39,UT-BOILE-028,5,Completed
WMS-00226-0,SH-00226,W-LON,ASN Received,2026-06-14T10:17,UT-EV-027,11,Open
WMS-00226-1,SH-00226,W-MAN,Goods Received,2026-06-14T12:59,UT-EV-027,24,Completed
WMS-00226-2,SH-00226,W-MAN,Putaway Completed,2026-06-14T14:25,UT-EV-027,10,Open
WMS-00226-3,SH-00226,W-LON,Stock Adjustment,2026-06-14T16:59,UT-EV-027,3,Exception
WMS-00227-0,SH-00227,W-MAN,ASN Received,2026-06-08T16:39,UT-EV-089,15,Completed
WMS-00227-1,SH-00227,W-LON,Goods Received,2026-06-08T18:46,UT-EV-089,21,Exception
WMS-00227-2,SH-00227,W-COV,Putaway Completed,2026-06-08T20:47,UT-EV-089,11,Open
WMS-00227-3,SH-00227,W-MAN,Stock Adjustment,2026-06-08T22:43,UT-EV-089,9,Open
WMS-00227-4,SH-00227,W-COV,Pick Started,2026-06-09T00:02,UT-EV-089,1,Completed
WMS-00227-5,SH-00227,W-COV,Pick Completed,2026-06-09T02:55,UT-EV-089,24,Completed
WMS-00227-6,SH-00227,W-COV,Pack Completed,2026-06-09T04:20,UT-EV-089,6,Exception
WMS-00228-0,SH-00228,W-LON,ASN Received,2026-06-07T15:29,UT-PIPEW-075,1,Completed
WMS-00228-1,SH-00228,W-COV,Goods Received,2026-06-07T17:00,UT-PIPEW-075,22,Open
WMS-00228-2,SH-00228,W-MAN,Putaway Completed,2026-06-07T19:24,UT-PIPEW-075,12,Exception
WMS-00229-0,SH-00229,W-COV,ASN Received,2026-06-09T16:55,UT-SENSO-012,13,Open
WMS-00229-1,SH-00229,W-COV,Goods Received,2026-06-09T18:56,UT-SENSO-012,18,Exception
WMS-00229-2,SH-00229,W-COV,Putaway Completed,2026-06-09T20:16,UT-SENSO-012,21,Exception
WMS-00230-0,SH-00230,W-LON,ASN Received,2026-06-16T11:18,UT-PIPEW-083,21,Open
WMS-00230-1,SH-00230,W-MAN,Goods Received,2026-06-16T13:22,UT-PIPEW-083,12,Open
WMS-00230-2,SH-00230,W-COV,Putaway Completed,2026-06-16T15:11,UT-PIPEW-083,13,Completed
WMS-00231-0,SH-00231,W-GLA,ASN Received,2026-06-18T18:12,UT-METER-087,17,Open
WMS-00231-1,SH-00231,W-GLA,Goods Received,2026-06-18T20:56,UT-METER-087,23,Completed
WMS-00231-2,SH-00231,W-LON,Putaway Completed,2026-06-18T22:46,UT-METER-087,8,Completed
WMS-00231-3,SH-00231,W-COV,Stock Adjustment,2026-06-19T00:05,UT-METER-087,4,Exception
WMS-00232-0,SH-00232,W-LON,ASN Received,2026-06-04T16:07,UT-BOILE-059,18,Completed
WMS-00232-1,SH-00232,W-COV,Goods Received,2026-06-04T18:15,UT-BOILE-059,23,Open
WMS-00232-2,SH-00232,W-GLA,Putaway Completed,2026-06-04T20:30,UT-BOILE-059,21,Exception
WMS-00232-3,SH-00232,W-LON,Stock Adjustment,2026-06-04T22:16,UT-BOILE-059,24,Open
WMS-00232-4,SH-00232,W-COV,Pick Started,2026-06-05T00:46,UT-BOILE-059,14,Completed
WMS-00233-0,SH-00233,W-COV,ASN Received,2026-06-12T17:44,UT-PUMP-088,24,Exception
WMS-00233-1,SH-00233,W-GLA,Goods Received,2026-06-12T19:08,UT-PUMP-088,17,Exception
WMS-00233-2,SH-00233,W-LON,Putaway Completed,2026-06-12T21:47,UT-PUMP-088,2,Open
WMS-00233-3,SH-00233,W-COV,Stock Adjustment,2026-06-12T23:49,UT-PUMP-088,11,Completed
WMS-00233-4,SH-00233,W-LON,Pick Started,2026-06-13T01:59,UT-PUMP-088,13,Open
WMS-00234-0,SH-00234,W-MAN,ASN Received,2026-06-04T10:39,UT-EV-006,7,Exception
WMS-00234-1,SH-00234,W-GLA,Goods Received,2026-06-04T12:18,UT-EV-006,24,Completed
WMS-00234-2,SH-00234,W-COV,Putaway Completed,2026-06-04T14:15,UT-EV-006,10,Exception
WMS-00234-3,SH-00234,W-COV,Stock Adjustment,2026-06-04T16:50,UT-EV-006,17,Open
WMS-00234-4,SH-00234,W-MAN,Pick Started,2026-06-04T18:21,UT-EV-006,10,Completed
WMS-00234-5,SH-00234,W-LON,Pick Completed,2026-06-04T20:55,UT-EV-006,22,Exception
WMS-00235-0,SH-00235,W-MAN,ASN Received,2026-06-02T11:09,UT-SENSO-068,11,Exception
WMS-00235-1,SH-00235,W-COV,Goods Received,2026-06-02T13:18,UT-SENSO-068,1,Exception
WMS-00235-2,SH-00235,W-GLA,Putaway Completed,2026-06-02T15:36,UT-SENSO-068,20,Completed
WMS-00235-3,SH-00235,W-MAN,Stock Adjustment,2026-06-02T17:56,UT-SENSO-068,7,Completed
WMS-00235-4,SH-00235,W-MAN,Pick Started,2026-06-02T19:53,UT-SENSO-068,8,Open
WMS-00235-5,SH-00235,W-MAN,Pick Completed,2026-06-02T21:49,UT-SENSO-068,14,Open
WMS-00235-6,SH-00235,W-COV,Pack Completed,2026-06-02T23:26,UT-SENSO-068,20,Exception
WMS-00235-7,SH-00235,W-COV,Shipment Created,2026-06-03T01:35,UT-SENSO-068,16,Completed
WMS-00236-0,SH-00236,W-GLA,ASN Received,2026-06-14T08:05,UT-EV-082,18,Open
WMS-00236-1,SH-00236,W-LON,Goods Received,2026-06-14T10:22,UT-EV-082,14,Exception
WMS-00236-2,SH-00236,W-COV,Putaway Completed,2026-06-14T12:59,UT-EV-082,7,Completed
WMS-00236-3,SH-00236,W-LON,Stock Adjustment,2026-06-14T14:51,UT-EV-082,14,Completed
WMS-00236-4,SH-00236,W-MAN,Pick Started,2026-06-14T16:49,UT-EV-082,7,Exception
WMS-00236-5,SH-00236,W-GLA,Pick Completed,2026-06-14T18:36,UT-EV-082,11,Completed
WMS-00237-0,SH-00237,W-GLA,ASN Received,2026-06-18T10:40,UT-BOILE-025,20,Completed
WMS-00237-1,SH-00237,W-GLA,Goods Received,2026-06-18T12:03,UT-BOILE-025,15,Open
WMS-00237-2,SH-00237,W-MAN,Putaway Completed,2026-06-18T14:55,UT-BOILE-025,21,Exception
WMS-00238-0,SH-00238,W-GLA,ASN Received,2026-06-21T10:04,UT-PIPEW-075,7,Completed
WMS-00238-1,SH-00238,W-MAN,Goods Received,2026-06-21T12:29,UT-PIPEW-075,8,Completed
WMS-00238-2,SH-00238,W-MAN,Putaway Completed,2026-06-21T14:59,UT-PIPEW-075,11,Open
WMS-00238-3,SH-00238,W-MAN,Stock Adjustment,2026-06-21T16:12,UT-PIPEW-075,12,Open
WMS-00238-4,SH-00238,W-COV,Pick Started,2026-06-21T18:29,UT-PIPEW-075,18,Completed
WMS-00238-5,SH-00238,W-LON,Pick Completed,2026-06-21T20:00,UT-PIPEW-075,7,Completed
WMS-00239-0,SH-00239,W-LON,ASN Received,2026-06-01T14:30,UT-PIPEW-014,18,Completed
WMS-00239-1,SH-00239,W-MAN,Goods Received,2026-06-01T16:57,UT-PIPEW-014,15,Exception
WMS-00239-2,SH-00239,W-LON,Putaway Completed,2026-06-01T18:42,UT-PIPEW-014,17,Completed
WMS-00240-0,SH-00240,W-COV,ASN Received,2026-06-21T09:31,UT-EV-010,23,Exception
WMS-00240-1,SH-00240,W-LON,Goods Received,2026-06-21T11:25,UT-EV-010,22,Completed
WMS-00240-2,SH-00240,W-LON,Putaway Completed,2026-06-21T13:30,UT-EV-010,23,Completed
WMS-00240-3,SH-00240,W-LON,Stock Adjustment,2026-06-21T15:55,UT-EV-010,16,Completed
WMS-00240-4,SH-00240,W-LON,Pick Started,2026-06-21T17:33,UT-EV-010,5,Completed
WMS-00240-5,SH-00240,W-GLA,Pick Completed,2026-06-21T19:48,UT-EV-010,1,Open
WMS-00240-6,SH-00240,W-MAN,Pack Completed,2026-06-21T21:05,UT-EV-010,22,Completed
WMS-00240-7,SH-00240,W-MAN,Shipment Created,2026-06-21T23:14,UT-EV-010,21,Open
WMS-00241-0,SH-00241,W-LON,ASN Received,2026-06-13T18:46,UT-METER-087,20,Exception
WMS-00241-1,SH-00241,W-GLA,Goods Received,2026-06-13T20:32,UT-METER-087,10,Exception
WMS-00241-2,SH-00241,W-MAN,Putaway Completed,2026-06-13T22:19,UT-METER-087,20,Open
WMS-00241-3,SH-00241,W-COV,Stock Adjustment,2026-06-14T00:41,UT-METER-087,3,Open
WMS-00241-4,SH-00241,W-GLA,Pick Started,2026-06-14T02:28,UT-METER-087,21,Exception
WMS-00241-5,SH-00241,W-LON,Pick Completed,2026-06-14T04:51,UT-METER-087,2,Exception
WMS-00241-6,SH-00241,W-LON,Pack Completed,2026-06-14T06:05,UT-METER-087,12,Completed
WMS-00241-7,SH-00241,W-MAN,Shipment Created,2026-06-14T08:57,UT-METER-087,18,Open
WMS-00242-0,SH-00242,W-GLA,ASN Received,2026-06-18T18:56,UT-VALVE-050,1,Exception
WMS-00242-1,SH-00242,W-GLA,Goods Received,2026-06-18T20:48,UT-VALVE-050,13,Open
WMS-00242-2,SH-00242,W-GLA,Putaway Completed,2026-06-18T22:43,UT-VALVE-050,15,Exception
WMS-00242-3,SH-00242,W-COV,Stock Adjustment,2026-06-19T00:01,UT-VALVE-050,22,Completed
WMS-00242-4,SH-00242,W-MAN,Pick Started,2026-06-19T02:17,UT-VALVE-050,18,Completed
WMS-00242-5,SH-00242,W-GLA,Pick Completed,2026-06-19T04:54,UT-VALVE-050,12,Open
WMS-00242-6,SH-00242,W-GLA,Pack Completed,2026-06-19T06:11,UT-VALVE-050,17,Open
WMS-00242-7,SH-00242,W-LON,Shipment Created,2026-06-19T08:37,UT-VALVE-050,13,Completed
WMS-00243-0,SH-00243,W-COV,ASN Received,2026-06-06T18:35,UT-PUMP-046,23,Open
WMS-00243-1,SH-00243,W-GLA,Goods Received,2026-06-06T20:23,UT-PUMP-046,1,Exception
WMS-00243-2,SH-00243,W-LON,Putaway Completed,2026-06-06T22:33,UT-PUMP-046,9,Open
WMS-00243-3,SH-00243,W-GLA,Stock Adjustment,2026-06-07T00:01,UT-PUMP-046,20,Open
WMS-00243-4,SH-00243,W-LON,Pick Started,2026-06-07T02:49,UT-PUMP-046,22,Open
WMS-00243-5,SH-00243,W-GLA,Pick Completed,2026-06-07T04:14,UT-PUMP-046,1,Completed
WMS-00243-6,SH-00243,W-GLA,Pack Completed,2026-06-07T06:40,UT-PUMP-046,20,Completed
WMS-00244-0,SH-00244,W-GLA,ASN Received,2026-06-04T15:54,UT-BOILE-066,5,Exception
WMS-00244-1,SH-00244,W-COV,Goods Received,2026-06-04T17:18,UT-BOILE-066,3,Completed
WMS-00244-2,SH-00244,W-GLA,Putaway Completed,2026-06-04T19:11,UT-BOILE-066,15,Open
WMS-00245-0,SH-00245,W-GLA,ASN Received,2026-06-16T16:46,UT-SENSO-068,19,Open
WMS-00245-1,SH-00245,W-GLA,Goods Received,2026-06-16T18:50,UT-SENSO-068,11,Exception
WMS-00245-2,SH-00245,W-GLA,Putaway Completed,2026-06-16T20:11,UT-SENSO-068,17,Completed
WMS-00245-3,SH-00245,W-GLA,Stock Adjustment,2026-06-16T22:39,UT-SENSO-068,4,Completed
WMS-00245-4,SH-00245,W-LON,Pick Started,2026-06-17T00:21,UT-SENSO-068,1,Completed
WMS-00245-5,SH-00245,W-COV,Pick Completed,2026-06-17T02:56,UT-SENSO-068,2,Completed
WMS-00245-6,SH-00245,W-MAN,Pack Completed,2026-06-17T04:51,UT-SENSO-068,10,Open
WMS-00246-0,SH-00246,W-LON,ASN Received,2026-06-03T11:09,UT-METER-030,24,Completed
WMS-00246-1,SH-00246,W-MAN,Goods Received,2026-06-03T13:23,UT-METER-030,17,Exception
WMS-00246-2,SH-00246,W-MAN,Putaway Completed,2026-06-03T15:58,UT-METER-030,12,Open
WMS-00246-3,SH-00246,W-MAN,Stock Adjustment,2026-06-03T17:04,UT-METER-030,17,Completed
WMS-00246-4,SH-00246,W-MAN,Pick Started,2026-06-03T19:45,UT-METER-030,18,Completed
WMS-00246-5,SH-00246,W-MAN,Pick Completed,2026-06-03T21:12,UT-METER-030,3,Completed
WMS-00246-6,SH-00246,W-MAN,Pack Completed,2026-06-03T23:38,UT-METER-030,5,Exception
WMS-00246-7,SH-00246,W-COV,Shipment Created,2026-06-04T01:40,UT-METER-030,10,Exception
WMS-00247-0,SH-00247,W-COV,ASN Received,2026-06-03T16:25,UT-EV-008,2,Exception
WMS-00247-1,SH-00247,W-MAN,Goods Received,2026-06-03T18:45,UT-EV-008,15,Completed
WMS-00247-2,SH-00247,W-LON,Putaway Completed,2026-06-03T20:11,UT-EV-008,3,Open
WMS-00247-3,SH-00247,W-MAN,Stock Adjustment,2026-06-03T22:12,UT-EV-008,15,Exception
WMS-00247-4,SH-00247,W-MAN,Pick Started,2026-06-04T00:59,UT-EV-008,19,Exception
WMS-00247-5,SH-00247,W-MAN,Pick Completed,2026-06-04T02:53,UT-EV-008,1,Open
WMS-00247-6,SH-00247,W-MAN,Pack Completed,2026-06-04T04:11,UT-EV-008,5,Exception
WMS-00247-7,SH-00247,W-MAN,Shipment Created,2026-06-04T06:47,UT-EV-008,14,Completed
WMS-00248-0,SH-00248,W-MAN,ASN Received,2026-06-21T12:36,UT-METER-055,6,Open
WMS-00248-1,SH-00248,W-COV,Goods Received,2026-06-21T14:10,UT-METER-055,2,Open
WMS-00248-2,SH-00248,W-MAN,Putaway Completed,2026-06-21T16:42,UT-METER-055,20,Open
WMS-00249-0,SH-00249,W-COV,ASN Received,2026-06-07T15:12,UT-PUMP-064,1,Open
WMS-00249-1,SH-00249,W-GLA,Goods Received,2026-06-07T17:15,UT-PUMP-064,13,Exception
WMS-00249-2,SH-00249,W-COV,Putaway Completed,2026-06-07T19:52,UT-PUMP-064,19,Exception
WMS-00250-0,SH-00250,W-COV,ASN Received,2026-06-12T10:55,UT-METER-015,22,Exception
WMS-00250-1,SH-00250,W-LON,Goods Received,2026-06-12T12:26,UT-METER-015,15,Exception
WMS-00250-2,SH-00250,W-MAN,Putaway Completed,2026-06-12T14:03,UT-METER-015,4,Exception
WMS-00250-3,SH-00250,W-COV,Stock Adjustment,2026-06-12T16:07,UT-METER-015,4,Open
WMS-00251-0,SH-00251,W-GLA,ASN Received,2026-06-02T09:08,UT-PIPEW-014,5,Exception
WMS-00251-1,SH-00251,W-GLA,Goods Received,2026-06-02T11:24,UT-PIPEW-014,5,Completed
WMS-00251-2,SH-00251,W-MAN,Putaway Completed,2026-06-02T13:44,UT-PIPEW-014,12,Open
WMS-00251-3,SH-00251,W-LON,Stock Adjustment,2026-06-02T15:53,UT-PIPEW-014,3,Exception
WMS-00251-4,SH-00251,W-COV,Pick Started,2026-06-02T17:51,UT-PIPEW-014,7,Exception
WMS-00251-5,SH-00251,W-GLA,Pick Completed,2026-06-02T19:08,UT-PIPEW-014,23,Exception
WMS-00251-6,SH-00251,W-LON,Pack Completed,2026-06-02T21:52,UT-PIPEW-014,1,Completed
WMS-00252-0,SH-00252,W-MAN,ASN Received,2026-06-09T11:55,UT-BOILE-059,10,Exception
WMS-00252-1,SH-00252,W-COV,Goods Received,2026-06-09T13:21,UT-BOILE-059,11,Open
WMS-00252-2,SH-00252,W-MAN,Putaway Completed,2026-06-09T15:52,UT-BOILE-059,22,Exception
WMS-00252-3,SH-00252,W-COV,Stock Adjustment,2026-06-09T17:14,UT-BOILE-059,23,Exception
WMS-00253-0,SH-00253,W-LON,ASN Received,2026-06-04T08:35,UT-BOILE-005,8,Completed
WMS-00253-1,SH-00253,W-LON,Goods Received,2026-06-04T10:25,UT-BOILE-005,9,Completed
WMS-00253-2,SH-00253,W-LON,Putaway Completed,2026-06-04T12:10,UT-BOILE-005,14,Exception
WMS-00254-0,SH-00254,W-GLA,ASN Received,2026-06-04T18:34,UT-SENSO-070,17,Exception
WMS-00254-1,SH-00254,W-GLA,Goods Received,2026-06-04T20:28,UT-SENSO-070,14,Exception
WMS-00254-2,SH-00254,W-LON,Putaway Completed,2026-06-04T22:38,UT-SENSO-070,9,Open
WMS-00254-3,SH-00254,W-COV,Stock Adjustment,2026-06-05T00:13,UT-SENSO-070,4,Exception
WMS-00255-0,SH-00255,W-COV,ASN Received,2026-06-20T14:47,UT-PUMP-043,21,Open
WMS-00255-1,SH-00255,W-MAN,Goods Received,2026-06-20T16:34,UT-PUMP-043,18,Completed
WMS-00255-2,SH-00255,W-GLA,Putaway Completed,2026-06-20T18:36,UT-PUMP-043,1,Open
WMS-00256-0,SH-00256,W-MAN,ASN Received,2026-06-11T10:53,UT-SENSO-086,6,Open
WMS-00256-1,SH-00256,W-LON,Goods Received,2026-06-11T12:11,UT-SENSO-086,7,Exception
WMS-00256-2,SH-00256,W-GLA,Putaway Completed,2026-06-11T14:37,UT-SENSO-086,19,Completed
WMS-00256-3,SH-00256,W-LON,Stock Adjustment,2026-06-11T16:51,UT-SENSO-086,1,Completed
WMS-00257-0,SH-00257,W-GLA,ASN Received,2026-06-05T08:34,UT-BOILE-034,5,Completed
WMS-00257-1,SH-00257,W-COV,Goods Received,2026-06-05T10:28,UT-BOILE-034,12,Exception
WMS-00257-2,SH-00257,W-MAN,Putaway Completed,2026-06-05T12:36,UT-BOILE-034,15,Exception
WMS-00257-3,SH-00257,W-GLA,Stock Adjustment,2026-06-05T14:28,UT-BOILE-034,1,Exception
WMS-00257-4,SH-00257,W-MAN,Pick Started,2026-06-05T16:03,UT-BOILE-034,1,Open
WMS-00258-0,SH-00258,W-GLA,ASN Received,2026-06-11T15:27,UT-EV-006,2,Open
WMS-00258-1,SH-00258,W-MAN,Goods Received,2026-06-11T17:11,UT-EV-006,16,Open
WMS-00258-2,SH-00258,W-MAN,Putaway Completed,2026-06-11T19:21,UT-EV-006,24,Open
WMS-00259-0,SH-00259,W-MAN,ASN Received,2026-06-06T12:39,UT-PIPEW-014,2,Open
WMS-00259-1,SH-00259,W-MAN,Goods Received,2026-06-06T14:16,UT-PIPEW-014,13,Open
WMS-00259-2,SH-00259,W-MAN,Putaway Completed,2026-06-06T16:48,UT-PIPEW-014,17,Open
WMS-00259-3,SH-00259,W-COV,Stock Adjustment,2026-06-06T18:27,UT-PIPEW-014,1,Exception
WMS-00259-4,SH-00259,W-COV,Pick Started,2026-06-06T20:05,UT-PIPEW-014,10,Completed
WMS-00259-5,SH-00259,W-MAN,Pick Completed,2026-06-06T22:53,UT-PIPEW-014,4,Exception
WMS-00259-6,SH-00259,W-MAN,Pack Completed,2026-06-07T00:22,UT-PIPEW-014,22,Exception
WMS-00260-0,SH-00260,W-LON,ASN Received,2026-06-04T11:25,UT-BOILE-021,3,Open
WMS-00260-1,SH-00260,W-LON,Goods Received,2026-06-04T13:57,UT-BOILE-021,24,Completed
WMS-00260-2,SH-00260,W-MAN,Putaway Completed,2026-06-04T15:44,UT-BOILE-021,9,Exception
WMS-00260-3,SH-00260,W-COV,Stock Adjustment,2026-06-04T17:34,UT-BOILE-021,18,Exception
WMS-00260-4,SH-00260,W-COV,Pick Started,2026-06-04T19:55,UT-BOILE-021,13,Open
WMS-00260-5,SH-00260,W-MAN,Pick Completed,2026-06-04T21:06,UT-BOILE-021,9,Completed
WMS-00260-6,SH-00260,W-LON,Pack Completed,2026-06-04T23:17,UT-BOILE-021,14,Exception
WMS-00261-0,SH-00261,W-COV,ASN Received,2026-06-13T18:14,UT-PUMP-029,20,Exception
WMS-00261-1,SH-00261,W-LON,Goods Received,2026-06-13T20:13,UT-PUMP-029,14,Open
WMS-00261-2,SH-00261,W-MAN,Putaway Completed,2026-06-13T22:26,UT-PUMP-029,23,Exception
WMS-00261-3,SH-00261,W-MAN,Stock Adjustment,2026-06-14T00:06,UT-PUMP-029,17,Exception
WMS-00261-4,SH-00261,W-GLA,Pick Started,2026-06-14T02:20,UT-PUMP-029,12,Exception
WMS-00261-5,SH-00261,W-COV,Pick Completed,2026-06-14T04:24,UT-PUMP-029,16,Completed
WMS-00262-0,SH-00262,W-GLA,ASN Received,2026-06-05T12:16,UT-BOILE-004,13,Open
WMS-00262-1,SH-00262,W-MAN,Goods Received,2026-06-05T14:54,UT-BOILE-004,21,Completed
WMS-00262-2,SH-00262,W-LON,Putaway Completed,2026-06-05T16:21,UT-BOILE-004,23,Open
WMS-00262-3,SH-00262,W-COV,Stock Adjustment,2026-06-05T18:06,UT-BOILE-004,13,Exception
WMS-00263-0,SH-00263,W-LON,ASN Received,2026-06-08T08:35,UT-VALVE-078,5,Completed
WMS-00263-1,SH-00263,W-COV,Goods Received,2026-06-08T10:11,UT-VALVE-078,19,Exception
WMS-00263-2,SH-00263,W-GLA,Putaway Completed,2026-06-08T12:28,UT-VALVE-078,1,Open
WMS-00263-3,SH-00263,W-LON,Stock Adjustment,2026-06-08T14:08,UT-VALVE-078,23,Open
WMS-00263-4,SH-00263,W-GLA,Pick Started,2026-06-08T16:54,UT-VALVE-078,6,Exception
WMS-00263-5,SH-00263,W-LON,Pick Completed,2026-06-08T18:04,UT-VALVE-078,5,Exception
WMS-00264-0,SH-00264,W-MAN,ASN Received,2026-06-17T12:55,UT-BOILE-022,7,Completed
WMS-00264-1,SH-00264,W-COV,Goods Received,2026-06-17T14:08,UT-BOILE-022,7,Completed
WMS-00264-2,SH-00264,W-LON,Putaway Completed,2026-06-17T16:18,UT-BOILE-022,18,Exception
WMS-00264-3,SH-00264,W-LON,Stock Adjustment,2026-06-17T18:43,UT-BOILE-022,20,Exception
WMS-00264-4,SH-00264,W-COV,Pick Started,2026-06-17T20:28,UT-BOILE-022,15,Open
WMS-00265-0,SH-00265,W-COV,ASN Received,2026-06-21T18:45,UT-BOILE-032,13,Open
WMS-00265-1,SH-00265,W-LON,Goods Received,2026-06-21T20:32,UT-BOILE-032,10,Exception
WMS-00265-2,SH-00265,W-COV,Putaway Completed,2026-06-21T22:53,UT-BOILE-032,14,Open
WMS-00265-3,SH-00265,W-MAN,Stock Adjustment,2026-06-22T00:17,UT-BOILE-032,9,Open
WMS-00265-4,SH-00265,W-GLA,Pick Started,2026-06-22T02:16,UT-BOILE-032,9,Open
WMS-00265-5,SH-00265,W-COV,Pick Completed,2026-06-22T04:52,UT-BOILE-032,18,Completed
WMS-00265-6,SH-00265,W-GLA,Pack Completed,2026-06-22T06:44,UT-BOILE-032,3,Open
WMS-00266-0,SH-00266,W-COV,ASN Received,2026-06-18T09:55,UT-SENSO-080,24,Exception
WMS-00266-1,SH-00266,W-LON,Goods Received,2026-06-18T11:45,UT-SENSO-080,9,Completed
WMS-00266-2,SH-00266,W-GLA,Putaway Completed,2026-06-18T13:08,UT-SENSO-080,7,Exception
WMS-00267-0,SH-00267,W-LON,ASN Received,2026-06-06T16:45,UT-PUMP-029,13,Completed
WMS-00267-1,SH-00267,W-COV,Goods Received,2026-06-06T18:35,UT-PUMP-029,3,Open
WMS-00267-2,SH-00267,W-MAN,Putaway Completed,2026-06-06T20:23,UT-PUMP-029,13,Completed
WMS-00267-3,SH-00267,W-GLA,Stock Adjustment,2026-06-06T22:03,UT-PUMP-029,24,Completed
WMS-00267-4,SH-00267,W-GLA,Pick Started,2026-06-07T00:59,UT-PUMP-029,11,Exception
WMS-00267-5,SH-00267,W-MAN,Pick Completed,2026-06-07T02:41,UT-PUMP-029,3,Exception
WMS-00267-6,SH-00267,W-COV,Pack Completed,2026-06-07T04:50,UT-PUMP-029,16,Open
WMS-00268-0,SH-00268,W-COV,ASN Received,2026-06-07T13:45,UT-PUMP-071,8,Open
WMS-00268-1,SH-00268,W-COV,Goods Received,2026-06-07T15:51,UT-PUMP-071,15,Exception
WMS-00268-2,SH-00268,W-GLA,Putaway Completed,2026-06-07T17:06,UT-PUMP-071,13,Exception
WMS-00269-0,SH-00269,W-COV,ASN Received,2026-06-02T16:36,UT-EV-035,15,Open
WMS-00269-1,SH-00269,W-COV,Goods Received,2026-06-02T18:44,UT-EV-035,20,Completed
WMS-00269-2,SH-00269,W-MAN,Putaway Completed,2026-06-02T20:01,UT-EV-035,3,Completed
WMS-00269-3,SH-00269,W-LON,Stock Adjustment,2026-06-02T22:56,UT-EV-035,23,Open
WMS-00269-4,SH-00269,W-LON,Pick Started,2026-06-03T00:54,UT-EV-035,21,Exception
WMS-00269-5,SH-00269,W-MAN,Pick Completed,2026-06-03T02:24,UT-EV-035,1,Open
WMS-00270-0,SH-00270,W-GLA,ASN Received,2026-06-05T09:46,UT-PUMP-071,24,Open
WMS-00270-1,SH-00270,W-GLA,Goods Received,2026-06-05T11:58,UT-PUMP-071,5,Completed
WMS-00270-2,SH-00270,W-GLA,Putaway Completed,2026-06-05T13:43,UT-PUMP-071,10,Open
WMS-00270-3,SH-00270,W-LON,Stock Adjustment,2026-06-05T15:53,UT-PUMP-071,2,Open
WMS-00270-4,SH-00270,W-LON,Pick Started,2026-06-05T17:49,UT-PUMP-071,17,Completed
WMS-00270-5,SH-00270,W-COV,Pick Completed,2026-06-05T19:54,UT-PUMP-071,19,Completed
WMS-00270-6,SH-00270,W-MAN,Pack Completed,2026-06-05T21:54,UT-PUMP-071,12,Open
WMS-00270-7,SH-00270,W-COV,Shipment Created,2026-06-05T23:45,UT-PUMP-071,19,Completed
WMS-00271-0,SH-00271,W-GLA,ASN Received,2026-06-08T13:35,UT-PIPEW-007,21,Exception
WMS-00271-1,SH-00271,W-COV,Goods Received,2026-06-08T15:05,UT-PIPEW-007,4,Exception
WMS-00271-2,SH-00271,W-GLA,Putaway Completed,2026-06-08T17:00,UT-PIPEW-007,20,Completed
WMS-00272-0,SH-00272,W-GLA,ASN Received,2026-06-11T10:17,UT-PIPEW-014,16,Completed
WMS-00272-1,SH-00272,W-LON,Goods Received,2026-06-11T12:53,UT-PIPEW-014,24,Completed
WMS-00272-2,SH-00272,W-MAN,Putaway Completed,2026-06-11T14:30,UT-PIPEW-014,7,Open
WMS-00272-3,SH-00272,W-COV,Stock Adjustment,2026-06-11T16:13,UT-PIPEW-014,24,Completed
WMS-00273-0,SH-00273,W-LON,ASN Received,2026-06-05T13:58,UT-BOILE-034,21,Open
WMS-00273-1,SH-00273,W-LON,Goods Received,2026-06-05T15:58,UT-BOILE-034,5,Exception
WMS-00273-2,SH-00273,W-COV,Putaway Completed,2026-06-05T17:21,UT-BOILE-034,11,Completed
WMS-00273-3,SH-00273,W-LON,Stock Adjustment,2026-06-05T19:52,UT-BOILE-034,15,Open
WMS-00274-0,SH-00274,W-MAN,ASN Received,2026-06-15T17:10,UT-PIPEW-007,21,Completed
WMS-00274-1,SH-00274,W-LON,Goods Received,2026-06-15T19:45,UT-PIPEW-007,20,Open
WMS-00274-2,SH-00274,W-MAN,Putaway Completed,2026-06-15T21:20,UT-PIPEW-007,9,Exception
WMS-00275-0,SH-00275,W-GLA,ASN Received,2026-06-03T18:41,UT-PUMP-088,1,Completed
WMS-00275-1,SH-00275,W-COV,Goods Received,2026-06-03T20:03,UT-PUMP-088,1,Open
WMS-00275-2,SH-00275,W-GLA,Putaway Completed,2026-06-03T22:43,UT-PUMP-088,20,Completed
WMS-00275-3,SH-00275,W-GLA,Stock Adjustment,2026-06-04T00:49,UT-PUMP-088,24,Completed
WMS-00275-4,SH-00275,W-MAN,Pick Started,2026-06-04T02:44,UT-PUMP-088,19,Completed
WMS-00276-0,SH-00276,W-COV,ASN Received,2026-06-02T11:04,UT-BOILE-036,18,Open
WMS-00276-1,SH-00276,W-LON,Goods Received,2026-06-02T13:30,UT-BOILE-036,9,Completed
WMS-00276-2,SH-00276,W-MAN,Putaway Completed,2026-06-02T15:30,UT-BOILE-036,17,Open
WMS-00276-3,SH-00276,W-MAN,Stock Adjustment,2026-06-02T17:45,UT-BOILE-036,7,Exception
WMS-00276-4,SH-00276,W-MAN,Pick Started,2026-06-02T19:36,UT-BOILE-036,10,Open
WMS-00276-5,SH-00276,W-GLA,Pick Completed,2026-06-02T21:55,UT-BOILE-036,8,Completed
WMS-00276-6,SH-00276,W-COV,Pack Completed,2026-06-02T23:25,UT-BOILE-036,16,Open
WMS-00277-0,SH-00277,W-LON,ASN Received,2026-06-01T11:32,UT-BOILE-021,9,Completed
WMS-00277-1,SH-00277,W-COV,Goods Received,2026-06-01T13:09,UT-BOILE-021,4,Completed
WMS-00277-2,SH-00277,W-LON,Putaway Completed,2026-06-01T15:25,UT-BOILE-021,15,Completed
WMS-00277-3,SH-00277,W-MAN,Stock Adjustment,2026-06-01T17:39,UT-BOILE-021,1,Open
WMS-00277-4,SH-00277,W-GLA,Pick Started,2026-06-01T19:59,UT-BOILE-021,15,Open
WMS-00277-5,SH-00277,W-LON,Pick Completed,2026-06-01T21:20,UT-BOILE-021,19,Completed
WMS-00277-6,SH-00277,W-COV,Pack Completed,2026-06-01T23:10,UT-BOILE-021,19,Exception
WMS-00277-7,SH-00277,W-LON,Shipment Created,2026-06-02T01:19,UT-BOILE-021,6,Open
WMS-00278-0,SH-00278,W-GLA,ASN Received,2026-06-06T08:36,UT-METER-030,4,Open
WMS-00278-1,SH-00278,W-COV,Goods Received,2026-06-06T10:49,UT-METER-030,4,Exception
WMS-00278-2,SH-00278,W-LON,Putaway Completed,2026-06-06T12:13,UT-METER-030,18,Open
WMS-00278-3,SH-00278,W-GLA,Stock Adjustment,2026-06-06T14:35,UT-METER-030,18,Completed
WMS-00278-4,SH-00278,W-GLA,Pick Started,2026-06-06T16:36,UT-METER-030,24,Open
WMS-00278-5,SH-00278,W-LON,Pick Completed,2026-06-06T18:10,UT-METER-030,23,Exception
WMS-00278-6,SH-00278,W-COV,Pack Completed,2026-06-06T20:24,UT-METER-030,18,Exception
WMS-00278-7,SH-00278,W-COV,Shipment Created,2026-06-06T22:45,UT-METER-030,2,Open
WMS-00279-0,SH-00279,W-LON,ASN Received,2026-06-03T16:23,UT-VALVE-062,19,Exception
WMS-00279-1,SH-00279,W-MAN,Goods Received,2026-06-03T18:44,UT-VALVE-062,1,Exception
WMS-00279-2,SH-00279,W-MAN,Putaway Completed,2026-06-03T20:47,UT-VALVE-062,21,Exception
WMS-00280-0,SH-00280,W-GLA,ASN Received,2026-06-02T12:25,UT-METER-017,19,Completed
WMS-00280-1,SH-00280,W-MAN,Goods Received,2026-06-02T14:08,UT-METER-017,3,Exception
WMS-00280-2,SH-00280,W-COV,Putaway Completed,2026-06-02T16:41,UT-METER-017,6,Exception
WMS-00280-3,SH-00280,W-COV,Stock Adjustment,2026-06-02T18:26,UT-METER-017,22,Exception
WMS-00280-4,SH-00280,W-COV,Pick Started,2026-06-02T20:30,UT-METER-017,10,Open
WMS-00280-5,SH-00280,W-COV,Pick Completed,2026-06-02T22:55,UT-METER-017,6,Exception
WMS-00281-0,SH-00281,W-GLA,ASN Received,2026-06-01T12:41,UT-SENSO-068,2,Open
WMS-00281-1,SH-00281,W-LON,Goods Received,2026-06-01T14:25,UT-SENSO-068,7,Exception
WMS-00281-2,SH-00281,W-GLA,Putaway Completed,2026-06-01T16:38,UT-SENSO-068,7,Exception
WMS-00281-3,SH-00281,W-MAN,Stock Adjustment,2026-06-01T18:36,UT-SENSO-068,14,Open
WMS-00281-4,SH-00281,W-COV,Pick Started,2026-06-01T20:19,UT-SENSO-068,21,Exception
WMS-00282-0,SH-00282,W-GLA,ASN Received,2026-06-05T10:51,UT-BOILE-022,8,Completed
WMS-00282-1,SH-00282,W-GLA,Goods Received,2026-06-05T12:29,UT-BOILE-022,6,Open
WMS-00282-2,SH-00282,W-COV,Putaway Completed,2026-06-05T14:23,UT-BOILE-022,18,Completed
WMS-00282-3,SH-00282,W-MAN,Stock Adjustment,2026-06-05T16:15,UT-BOILE-022,9,Completed
WMS-00283-0,SH-00283,W-COV,ASN Received,2026-06-03T13:11,UT-EV-089,11,Open
WMS-00283-1,SH-00283,W-GLA,Goods Received,2026-06-03T15:01,UT-EV-089,18,Exception
WMS-00283-2,SH-00283,W-COV,Putaway Completed,2026-06-03T17:36,UT-EV-089,11,Exception
WMS-00283-3,SH-00283,W-GLA,Stock Adjustment,2026-06-03T19:32,UT-EV-089,3,Open
WMS-00284-0,SH-00284,W-LON,ASN Received,2026-06-11T13:14,UT-SENSO-052,4,Exception
WMS-00284-1,SH-00284,W-COV,Goods Received,2026-06-11T15:01,UT-SENSO-052,18,Exception
WMS-00284-2,SH-00284,W-COV,Putaway Completed,2026-06-11T17:31,UT-SENSO-052,17,Open
WMS-00284-3,SH-00284,W-MAN,Stock Adjustment,2026-06-11T19:09,UT-SENSO-052,4,Completed
WMS-00285-0,SH-00285,W-COV,ASN Received,2026-06-18T12:07,UT-PUMP-071,9,Completed
WMS-00285-1,SH-00285,W-COV,Goods Received,2026-06-18T14:59,UT-PUMP-071,21,Exception
WMS-00285-2,SH-00285,W-GLA,Putaway Completed,2026-06-18T16:52,UT-PUMP-071,5,Open
WMS-00285-3,SH-00285,W-COV,Stock Adjustment,2026-06-18T18:01,UT-PUMP-071,12,Open
WMS-00285-4,SH-00285,W-COV,Pick Started,2026-06-18T20:02,UT-PUMP-071,1,Completed
WMS-00285-5,SH-00285,W-LON,Pick Completed,2026-06-18T22:54,UT-PUMP-071,22,Completed
WMS-00286-0,SH-00286,W-GLA,ASN Received,2026-06-06T13:08,UT-METER-017,24,Open
WMS-00286-1,SH-00286,W-GLA,Goods Received,2026-06-06T15:52,UT-METER-017,22,Exception
WMS-00286-2,SH-00286,W-MAN,Putaway Completed,2026-06-06T17:58,UT-METER-017,8,Completed
WMS-00286-3,SH-00286,W-MAN,Stock Adjustment,2026-06-06T19:09,UT-METER-017,21,Exception
WMS-00287-0,SH-00287,W-MAN,ASN Received,2026-06-17T17:57,UT-METER-030,18,Exception
WMS-00287-1,SH-00287,W-MAN,Goods Received,2026-06-17T19:45,UT-METER-030,3,Open
WMS-00287-2,SH-00287,W-LON,Putaway Completed,2026-06-17T21:59,UT-METER-030,23,Open
WMS-00287-3,SH-00287,W-GLA,Stock Adjustment,2026-06-17T23:49,UT-METER-030,13,Open
WMS-00287-4,SH-00287,W-MAN,Pick Started,2026-06-18T01:20,UT-METER-030,15,Open
WMS-00288-0,SH-00288,W-LON,ASN Received,2026-06-05T10:17,UT-SENSO-019,4,Completed
WMS-00288-1,SH-00288,W-COV,Goods Received,2026-06-05T12:31,UT-SENSO-019,22,Open
WMS-00288-2,SH-00288,W-MAN,Putaway Completed,2026-06-05T14:54,UT-SENSO-019,18,Open
WMS-00288-3,SH-00288,W-COV,Stock Adjustment,2026-06-05T16:41,UT-SENSO-019,18,Open
WMS-00288-4,SH-00288,W-MAN,Pick Started,2026-06-05T18:00,UT-SENSO-019,22,Completed
WMS-00288-5,SH-00288,W-MAN,Pick Completed,2026-06-05T20:49,UT-SENSO-019,13,Completed
WMS-00288-6,SH-00288,W-LON,Pack Completed,2026-06-05T22:42,UT-SENSO-019,2,Exception
WMS-00288-7,SH-00288,W-GLA,Shipment Created,2026-06-06T00:42,UT-SENSO-019,13,Completed
WMS-00289-0,SH-00289,W-COV,ASN Received,2026-06-13T09:16,UT-SENSO-061,6,Open
WMS-00289-1,SH-00289,W-MAN,Goods Received,2026-06-13T11:42,UT-SENSO-061,1,Completed
WMS-00289-2,SH-00289,W-LON,Putaway Completed,2026-06-13T13:06,UT-SENSO-061,5,Exception
WMS-00289-3,SH-00289,W-COV,Stock Adjustment,2026-06-13T15:09,UT-SENSO-061,10,Completed
WMS-00290-0,SH-00290,W-COV,ASN Received,2026-06-20T14:40,UT-PUMP-074,13,Open
WMS-00290-1,SH-00290,W-GLA,Goods Received,2026-06-20T16:12,UT-PUMP-074,1,Exception
WMS-00290-2,SH-00290,W-GLA,Putaway Completed,2026-06-20T18:11,UT-PUMP-074,8,Completed
WMS-00290-3,SH-00290,W-MAN,Stock Adjustment,2026-06-20T20:02,UT-PUMP-074,6,Completed
WMS-00290-4,SH-00290,W-COV,Pick Started,2026-06-20T22:22,UT-PUMP-074,1,Open
WMS-00290-5,SH-00290,W-LON,Pick Completed,2026-06-21T00:51,UT-PUMP-074,13,Open
WMS-00290-6,SH-00290,W-GLA,Pack Completed,2026-06-21T02:36,UT-PUMP-074,21,Open
WMS-00291-0,SH-00291,W-MAN,ASN Received,2026-06-01T10:29,UT-VALVE-062,15,Completed
WMS-00291-1,SH-00291,W-COV,Goods Received,2026-06-01T12:56,UT-VALVE-062,21,Exception
WMS-00291-2,SH-00291,W-GLA,Putaway Completed,2026-06-01T14:08,UT-VALVE-062,19,Exception
WMS-00291-3,SH-00291,W-LON,Stock Adjustment,2026-06-01T16:14,UT-VALVE-062,11,Completed
WMS-00291-4,SH-00291,W-COV,Pick Started,2026-06-01T18:44,UT-VALVE-062,12,Exception
WMS-00291-5,SH-00291,W-LON,Pick Completed,2026-06-01T20:46,UT-VALVE-062,1,Completed
WMS-00291-6,SH-00291,W-GLA,Pack Completed,2026-06-01T22:22,UT-VALVE-062,4,Completed
WMS-00292-0,SH-00292,W-MAN,ASN Received,2026-06-07T14:09,UT-BOILE-021,8,Completed
WMS-00292-1,SH-00292,W-GLA,Goods Received,2026-06-07T16:32,UT-BOILE-021,14,Completed
WMS-00292-2,SH-00292,W-LON,Putaway Completed,2026-06-07T18:46,UT-BOILE-021,7,Exception
WMS-00293-0,SH-00293,W-MAN,ASN Received,2026-06-19T12:36,UT-PUMP-069,2,Completed
WMS-00293-1,SH-00293,W-MAN,Goods Received,2026-06-19T14:57,UT-PUMP-069,24,Open
WMS-00293-2,SH-00293,W-COV,Putaway Completed,2026-06-19T16:08,UT-PUMP-069,4,Completed
WMS-00293-3,SH-00293,W-LON,Stock Adjustment,2026-06-19T18:21,UT-PUMP-069,13,Open
WMS-00293-4,SH-00293,W-LON,Pick Started,2026-06-19T20:12,UT-PUMP-069,11,Exception
WMS-00293-5,SH-00293,W-GLA,Pick Completed,2026-06-19T22:40,UT-PUMP-069,22,Open
WMS-00293-6,SH-00293,W-COV,Pack Completed,2026-06-20T00:35,UT-PUMP-069,14,Completed
WMS-00293-7,SH-00293,W-MAN,Shipment Created,2026-06-20T02:04,UT-PUMP-069,9,Exception
WMS-00294-0,SH-00294,W-MAN,ASN Received,2026-06-09T13:36,UT-PUMP-071,9,Open
WMS-00294-1,SH-00294,W-COV,Goods Received,2026-06-09T15:09,UT-PUMP-071,21,Completed
WMS-00294-2,SH-00294,W-LON,Putaway Completed,2026-06-09T17:28,UT-PUMP-071,10,Completed
WMS-00294-3,SH-00294,W-LON,Stock Adjustment,2026-06-09T19:16,UT-PUMP-071,7,Completed
WMS-00294-4,SH-00294,W-GLA,Pick Started,2026-06-09T21:13,UT-PUMP-071,11,Completed
WMS-00294-5,SH-00294,W-MAN,Pick Completed,2026-06-09T23:14,UT-PUMP-071,18,Open
WMS-00294-6,SH-00294,W-COV,Pack Completed,2026-06-10T01:10,UT-PUMP-071,6,Exception
WMS-00294-7,SH-00294,W-GLA,Shipment Created,2026-06-10T03:27,UT-PUMP-071,13,Open
WMS-00295-0,SH-00295,W-COV,ASN Received,2026-06-07T11:05,UT-PIPEW-058,6,Completed
WMS-00295-1,SH-00295,W-GLA,Goods Received,2026-06-07T13:52,UT-PIPEW-058,16,Completed
WMS-00295-2,SH-00295,W-MAN,Putaway Completed,2026-06-07T15:01,UT-PIPEW-058,7,Open
WMS-00295-3,SH-00295,W-MAN,Stock Adjustment,2026-06-07T17:02,UT-PIPEW-058,5,Exception
WMS-00296-0,SH-00296,W-MAN,ASN Received,2026-06-03T15:20,UT-BOILE-059,20,Completed
WMS-00296-1,SH-00296,W-GLA,Goods Received,2026-06-03T17:24,UT-BOILE-059,13,Exception
WMS-00296-2,SH-00296,W-GLA,Putaway Completed,2026-06-03T19:45,UT-BOILE-059,9,Exception
WMS-00296-3,SH-00296,W-MAN,Stock Adjustment,2026-06-03T21:15,UT-BOILE-059,16,Completed
WMS-00297-0,SH-00297,W-COV,ASN Received,2026-06-06T09:31,UT-BOILE-025,4,Completed
WMS-00297-1,SH-00297,W-MAN,Goods Received,2026-06-06T11:09,UT-BOILE-025,16,Open
WMS-00297-2,SH-00297,W-GLA,Putaway Completed,2026-06-06T13:15,UT-BOILE-025,8,Exception
WMS-00297-3,SH-00297,W-LON,Stock Adjustment,2026-06-06T15:11,UT-BOILE-025,6,Completed
WMS-00297-4,SH-00297,W-GLA,Pick Started,2026-06-06T17:54,UT-BOILE-025,10,Completed
WMS-00297-5,SH-00297,W-MAN,Pick Completed,2026-06-06T19:07,UT-BOILE-025,13,Completed
WMS-00297-6,SH-00297,W-LON,Pack Completed,2026-06-06T21:43,UT-BOILE-025,11,Exception
WMS-00297-7,SH-00297,W-GLA,Shipment Created,2026-06-06T23:37,UT-BOILE-025,21,Open
WMS-00298-0,SH-00298,W-GLA,ASN Received,2026-06-18T11:26,UT-BOILE-025,8,Open
WMS-00298-1,SH-00298,W-MAN,Goods Received,2026-06-18T13:28,UT-BOILE-025,16,Open
WMS-00298-2,SH-00298,W-GLA,Putaway Completed,2026-06-18T15:50,UT-BOILE-025,6,Completed
WMS-00298-3,SH-00298,W-GLA,Stock Adjustment,2026-06-18T17:36,UT-BOILE-025,5,Completed
WMS-00299-0,SH-00299,W-COV,ASN Received,2026-06-18T09:41,UT-BOILE-011,22,Exception
WMS-00299-1,SH-00299,W-GLA,Goods Received,2026-06-18T11:06,UT-BOILE-011,7,Completed
WMS-00299-2,SH-00299,W-COV,Putaway Completed,2026-06-18T13:14,UT-BOILE-011,21,Exception
WMS-00299-3,SH-00299,W-COV,Stock Adjustment,2026-06-18T15:02,UT-BOILE-011,9,Exception
WMS-00299-4,SH-00299,W-MAN,Pick Started,2026-06-18T17:45,UT-BOILE-011,6,Completed
WMS-00299-5,SH-00299,W-COV,Pick Completed,2026-06-18T19:11,UT-BOILE-011,5,Completed
WMS-00299-6,SH-00299,W-MAN,Pack Completed,2026-06-18T21:50,UT-BOILE-011,3,Open
WMS-00300-0,SH-00300,W-GLA,ASN Received,2026-06-12T16:49,UT-SENSO-038,24,Completed
WMS-00300-1,SH-00300,W-LON,Goods Received,2026-06-12T18:46,UT-SENSO-038,5,Completed
WMS-00300-2,SH-00300,W-GLA,Putaway Completed,2026-06-12T20:42,UT-SENSO-038,6,Completed
WMS-00300-3,SH-00300,W-MAN,Stock Adjustment,2026-06-12T22:45,UT-SENSO-038,14,Completed
WMS-00300-4,SH-00300,W-MAN,Pick Started,2026-06-13T00:04,UT-SENSO-038,7,Completed
WMS-00300-5,SH-00300,W-COV,Pick Completed,2026-06-13T02:19,UT-SENSO-038,23,Completed
WMS-00300-6,SH-00300,W-COV,Pack Completed,2026-06-13T04:18,UT-SENSO-038,6,Exception
WMS-00300-7,SH-00300,W-GLA,Shipment Created,2026-06-13T06:34,UT-SENSO-038,7,Completed
WMS-00301-0,SH-00301,W-COV,ASN Received,2026-06-03T15:20,UT-EV-063,6,Open
WMS-00301-1,SH-00301,W-MAN,Goods Received,2026-06-03T17:56,UT-EV-063,17,Completed
WMS-00301-2,SH-00301,W-COV,Putaway Completed,2026-06-03T19:59,UT-EV-063,12,Exception
WMS-00301-3,SH-00301,W-MAN,Stock Adjustment,2026-06-03T21:59,UT-EV-063,14,Exception
WMS-00301-4,SH-00301,W-MAN,Pick Started,2026-06-03T23:42,UT-EV-063,19,Exception
WMS-00302-0,SH-00302,W-MAN,ASN Received,2026-06-18T14:12,UT-EV-008,8,Exception
WMS-00302-1,SH-00302,W-MAN,Goods Received,2026-06-18T16:06,UT-EV-008,22,Exception
WMS-00302-2,SH-00302,W-MAN,Putaway Completed,2026-06-18T18:22,UT-EV-008,6,Open
WMS-00302-3,SH-00302,W-COV,Stock Adjustment,2026-06-18T20:33,UT-EV-008,16,Open
WMS-00303-0,SH-00303,W-MAN,ASN Received,2026-06-16T15:44,UT-PUMP-090,13,Open
WMS-00303-1,SH-00303,W-GLA,Goods Received,2026-06-16T17:44,UT-PUMP-090,13,Exception
WMS-00303-2,SH-00303,W-LON,Putaway Completed,2026-06-16T19:48,UT-PUMP-090,6,Exception
WMS-00303-3,SH-00303,W-GLA,Stock Adjustment,2026-06-16T21:36,UT-PUMP-090,4,Completed
WMS-00303-4,SH-00303,W-GLA,Pick Started,2026-06-16T23:28,UT-PUMP-090,7,Open
WMS-00303-5,SH-00303,W-MAN,Pick Completed,2026-06-17T01:21,UT-PUMP-090,11,Completed
WMS-00303-6,SH-00303,W-GLA,Pack Completed,2026-06-17T03:42,UT-PUMP-090,14,Exception
WMS-00303-7,SH-00303,W-COV,Shipment Created,2026-06-17T05:48,UT-PUMP-090,15,Exception
WMS-00304-0,SH-00304,W-MAN,ASN Received,2026-06-15T12:18,UT-PUMP-018,15,Exception
WMS-00304-1,SH-00304,W-GLA,Goods Received,2026-06-15T14:13,UT-PUMP-018,13,Exception
WMS-00304-2,SH-00304,W-COV,Putaway Completed,2026-06-15T16:24,UT-PUMP-018,10,Exception
WMS-00304-3,SH-00304,W-COV,Stock Adjustment,2026-06-15T18:16,UT-PUMP-018,10,Open
WMS-00304-4,SH-00304,W-COV,Pick Started,2026-06-15T20:50,UT-PUMP-018,20,Completed
WMS-00304-5,SH-00304,W-LON,Pick Completed,2026-06-15T22:56,UT-PUMP-018,1,Open
WMS-00305-0,SH-00305,W-COV,ASN Received,2026-06-13T10:03,UT-VALVE-016,1,Completed
WMS-00305-1,SH-00305,W-COV,Goods Received,2026-06-13T12:43,UT-VALVE-016,12,Exception
WMS-00305-2,SH-00305,W-LON,Putaway Completed,2026-06-13T14:48,UT-VALVE-016,22,Open
WMS-00305-3,SH-00305,W-COV,Stock Adjustment,2026-06-13T16:37,UT-VALVE-016,20,Open
WMS-00305-4,SH-00305,W-MAN,Pick Started,2026-06-13T18:01,UT-VALVE-016,12,Open
WMS-00306-0,SH-00306,W-LON,ASN Received,2026-06-19T11:52,UT-PIPEW-013,12,Completed
WMS-00306-1,SH-00306,W-GLA,Goods Received,2026-06-19T13:02,UT-PIPEW-013,13,Completed
WMS-00306-2,SH-00306,W-MAN,Putaway Completed,2026-06-19T15:07,UT-PIPEW-013,11,Open
WMS-00306-3,SH-00306,W-LON,Stock Adjustment,2026-06-19T17:55,UT-PIPEW-013,16,Completed
WMS-00306-4,SH-00306,W-GLA,Pick Started,2026-06-19T19:59,UT-PIPEW-013,14,Completed
WMS-00306-5,SH-00306,W-MAN,Pick Completed,2026-06-19T21:54,UT-PIPEW-013,6,Completed
WMS-00307-0,SH-00307,W-COV,ASN Received,2026-06-07T18:59,UT-VALVE-002,23,Open
WMS-00307-1,SH-00307,W-MAN,Goods Received,2026-06-07T20:59,UT-VALVE-002,21,Completed
WMS-00307-2,SH-00307,W-LON,Putaway Completed,2026-06-07T22:31,UT-VALVE-002,6,Open
WMS-00308-0,SH-00308,W-MAN,ASN Received,2026-06-08T17:48,UT-PUMP-069,12,Exception
WMS-00308-1,SH-00308,W-MAN,Goods Received,2026-06-08T19:22,UT-PUMP-069,5,Open
WMS-00308-2,SH-00308,W-LON,Putaway Completed,2026-06-08T21:55,UT-PUMP-069,17,Exception
WMS-00308-3,SH-00308,W-GLA,Stock Adjustment,2026-06-08T23:07,UT-PUMP-069,15,Completed
WMS-00308-4,SH-00308,W-GLA,Pick Started,2026-06-09T01:37,UT-PUMP-069,10,Exception
WMS-00308-5,SH-00308,W-LON,Pick Completed,2026-06-09T03:12,UT-PUMP-069,9,Open
WMS-00309-0,SH-00309,W-GLA,ASN Received,2026-06-08T15:26,UT-EV-027,11,Exception
WMS-00309-1,SH-00309,W-MAN,Goods Received,2026-06-08T17:59,UT-EV-027,11,Exception
WMS-00309-2,SH-00309,W-MAN,Putaway Completed,2026-06-08T19:30,UT-EV-027,17,Completed
WMS-00309-3,SH-00309,W-COV,Stock Adjustment,2026-06-08T21:32,UT-EV-027,19,Completed
WMS-00309-4,SH-00309,W-GLA,Pick Started,2026-06-08T23:27,UT-EV-027,22,Open
WMS-00309-5,SH-00309,W-MAN,Pick Completed,2026-06-09T01:18,UT-EV-027,9,Open
WMS-00310-0,SH-00310,W-COV,ASN Received,2026-06-15T14:34,UT-SENSO-012,20,Open
WMS-00310-1,SH-00310,W-GLA,Goods Received,2026-06-15T16:57,UT-SENSO-012,10,Completed
WMS-00310-2,SH-00310,W-GLA,Putaway Completed,2026-06-15T18:24,UT-SENSO-012,9,Exception
WMS-00310-3,SH-00310,W-GLA,Stock Adjustment,2026-06-15T20:39,UT-SENSO-012,22,Exception
WMS-00310-4,SH-00310,W-LON,Pick Started,2026-06-15T22:37,UT-SENSO-012,12,Open
WMS-00310-5,SH-00310,W-MAN,Pick Completed,2026-06-16T00:35,UT-SENSO-012,12,Open
WMS-00310-6,SH-00310,W-GLA,Pack Completed,2026-06-16T02:40,UT-SENSO-012,23,Exception
WMS-00310-7,SH-00310,W-GLA,Shipment Created,2026-06-16T04:48,UT-SENSO-012,17,Completed
WMS-00311-0,SH-00311,W-COV,ASN Received,2026-06-06T10:49,UT-METER-015,3,Exception
WMS-00311-1,SH-00311,W-MAN,Goods Received,2026-06-06T12:39,UT-METER-015,16,Exception
WMS-00311-2,SH-00311,W-COV,Putaway Completed,2026-06-06T14:17,UT-METER-015,11,Exception
WMS-00311-3,SH-00311,W-COV,Stock Adjustment,2026-06-06T16:56,UT-METER-015,1,Exception
WMS-00311-4,SH-00311,W-MAN,Pick Started,2026-06-06T18:53,UT-METER-015,4,Open
WMS-00311-5,SH-00311,W-LON,Pick Completed,2026-06-06T20:36,UT-METER-015,2,Open
WMS-00312-0,SH-00312,W-COV,ASN Received,2026-06-14T17:44,UT-SENSO-019,17,Open
WMS-00312-1,SH-00312,W-COV,Goods Received,2026-06-14T19:54,UT-SENSO-019,17,Exception
WMS-00312-2,SH-00312,W-COV,Putaway Completed,2026-06-14T21:02,UT-SENSO-019,10,Open
WMS-00313-0,SH-00313,W-LON,ASN Received,2026-06-15T11:36,UT-PUMP-018,6,Open
WMS-00313-1,SH-00313,W-GLA,Goods Received,2026-06-15T13:50,UT-PUMP-018,4,Completed
WMS-00313-2,SH-00313,W-LON,Putaway Completed,2026-06-15T15:18,UT-PUMP-018,8,Open
WMS-00313-3,SH-00313,W-COV,Stock Adjustment,2026-06-15T17:42,UT-PUMP-018,5,Exception
WMS-00313-4,SH-00313,W-MAN,Pick Started,2026-06-15T19:30,UT-PUMP-018,16,Completed
WMS-00313-5,SH-00313,W-LON,Pick Completed,2026-06-15T21:01,UT-PUMP-018,6,Exception
WMS-00313-6,SH-00313,W-LON,Pack Completed,2026-06-15T23:49,UT-PUMP-018,21,Open
WMS-00314-0,SH-00314,W-MAN,ASN Received,2026-06-10T10:59,UT-METER-001,17,Completed
WMS-00314-1,SH-00314,W-GLA,Goods Received,2026-06-10T12:40,UT-METER-001,9,Exception
WMS-00314-2,SH-00314,W-GLA,Putaway Completed,2026-06-10T14:29,UT-METER-001,4,Exception
WMS-00314-3,SH-00314,W-MAN,Stock Adjustment,2026-06-10T16:37,UT-METER-001,11,Completed
WMS-00314-4,SH-00314,W-COV,Pick Started,2026-06-10T18:36,UT-METER-001,14,Exception
WMS-00314-5,SH-00314,W-COV,Pick Completed,2026-06-10T20:26,UT-METER-001,16,Open
WMS-00315-0,SH-00315,W-LON,ASN Received,2026-06-19T10:28,UT-EV-089,21,Exception
WMS-00315-1,SH-00315,W-GLA,Goods Received,2026-06-19T12:32,UT-EV-089,8,Exception
WMS-00315-2,SH-00315,W-MAN,Putaway Completed,2026-06-19T14:13,UT-EV-089,13,Open
WMS-00315-3,SH-00315,W-LON,Stock Adjustment,2026-06-19T16:28,UT-EV-089,1,Open
WMS-00316-0,SH-00316,W-MAN,ASN Received,2026-06-20T08:10,UT-METER-030,9,Open
WMS-00316-1,SH-00316,W-MAN,Goods Received,2026-06-20T10:53,UT-METER-030,18,Exception
WMS-00316-2,SH-00316,W-COV,Putaway Completed,2026-06-20T12:03,UT-METER-030,20,Open
WMS-00317-0,SH-00317,W-COV,ASN Received,2026-06-21T10:30,UT-SENSO-079,1,Completed
WMS-00317-1,SH-00317,W-LON,Goods Received,2026-06-21T12:28,UT-SENSO-079,23,Exception
WMS-00317-2,SH-00317,W-MAN,Putaway Completed,2026-06-21T14:03,UT-SENSO-079,5,Completed
WMS-00317-3,SH-00317,W-COV,Stock Adjustment,2026-06-21T16:38,UT-SENSO-079,11,Completed
WMS-00318-0,SH-00318,W-LON,ASN Received,2026-06-03T17:56,UT-METER-054,3,Exception
WMS-00318-1,SH-00318,W-LON,Goods Received,2026-06-03T19:31,UT-METER-054,5,Completed
WMS-00318-2,SH-00318,W-COV,Putaway Completed,2026-06-03T21:01,UT-METER-054,9,Open
WMS-00318-3,SH-00318,W-GLA,Stock Adjustment,2026-06-03T23:47,UT-METER-054,14,Completed
WMS-00318-4,SH-00318,W-LON,Pick Started,2026-06-04T01:07,UT-METER-054,19,Completed
WMS-00318-5,SH-00318,W-COV,Pick Completed,2026-06-04T03:30,UT-METER-054,1,Open
WMS-00318-6,SH-00318,W-GLA,Pack Completed,2026-06-04T05:19,UT-METER-054,8,Open
WMS-00318-7,SH-00318,W-COV,Shipment Created,2026-06-04T07:09,UT-METER-054,8,Open
WMS-00319-0,SH-00319,W-GLA,ASN Received,2026-06-05T09:52,UT-METER-017,23,Open
WMS-00319-1,SH-00319,W-GLA,Goods Received,2026-06-05T11:07,UT-METER-017,13,Completed
WMS-00319-2,SH-00319,W-MAN,Putaway Completed,2026-06-05T13:06,UT-METER-017,4,Exception
WMS-00319-3,SH-00319,W-COV,Stock Adjustment,2026-06-05T15:20,UT-METER-017,18,Exception
WMS-00319-4,SH-00319,W-COV,Pick Started,2026-06-05T17:10,UT-METER-017,14,Exception
WMS-00320-0,SH-00320,W-GLA,ASN Received,2026-06-14T12:14,UT-PUMP-090,9,Exception
WMS-00320-1,SH-00320,W-GLA,Goods Received,2026-06-14T14:32,UT-PUMP-090,14,Open
WMS-00320-2,SH-00320,W-LON,Putaway Completed,2026-06-14T16:02,UT-PUMP-090,17,Completed
WMS-00320-3,SH-00320,W-COV,Stock Adjustment,2026-06-14T18:14,UT-PUMP-090,19,Exception
WMS-00321-0,SH-00321,W-COV,ASN Received,2026-06-06T10:24,UT-PIPEW-041,19,Exception
WMS-00321-1,SH-00321,W-MAN,Goods Received,2026-06-06T12:52,UT-PIPEW-041,8,Completed
WMS-00321-2,SH-00321,W-LON,Putaway Completed,2026-06-06T14:12,UT-PIPEW-041,15,Exception
WMS-00322-0,SH-00322,W-MAN,ASN Received,2026-06-20T08:48,UT-METER-087,19,Open
WMS-00322-1,SH-00322,W-MAN,Goods Received,2026-06-20T10:01,UT-METER-087,7,Exception
WMS-00322-2,SH-00322,W-GLA,Putaway Completed,2026-06-20T12:51,UT-METER-087,22,Completed
WMS-00322-3,SH-00322,W-COV,Stock Adjustment,2026-06-20T14:23,UT-METER-087,7,Open
WMS-00322-4,SH-00322,W-MAN,Pick Started,2026-06-20T16:17,UT-METER-087,14,Open
WMS-00323-0,SH-00323,W-GLA,ASN Received,2026-06-19T17:57,UT-PIPEW-058,5,Open
WMS-00323-1,SH-00323,W-MAN,Goods Received,2026-06-19T19:50,UT-PIPEW-058,12,Exception
WMS-00323-2,SH-00323,W-MAN,Putaway Completed,2026-06-19T21:26,UT-PIPEW-058,10,Completed
WMS-00323-3,SH-00323,W-MAN,Stock Adjustment,2026-06-19T23:22,UT-PIPEW-058,15,Completed
WMS-00323-4,SH-00323,W-COV,Pick Started,2026-06-20T01:18,UT-PIPEW-058,3,Completed
WMS-00323-5,SH-00323,W-COV,Pick Completed,2026-06-20T03:49,UT-PIPEW-058,18,Completed
WMS-00323-6,SH-00323,W-GLA,Pack Completed,2026-06-20T05:06,UT-PIPEW-058,18,Completed
WMS-00323-7,SH-00323,W-LON,Shipment Created,2026-06-20T07:04,UT-PIPEW-058,21,Completed
WMS-00324-0,SH-00324,W-LON,ASN Received,2026-06-10T18:27,UT-BOILE-042,11,Completed
WMS-00324-1,SH-00324,W-GLA,Goods Received,2026-06-10T20:19,UT-BOILE-042,13,Exception
WMS-00324-2,SH-00324,W-COV,Putaway Completed,2026-06-10T22:56,UT-BOILE-042,10,Exception
WMS-00324-3,SH-00324,W-MAN,Stock Adjustment,2026-06-11T00:57,UT-BOILE-042,5,Open
WMS-00324-4,SH-00324,W-LON,Pick Started,2026-06-11T02:14,UT-BOILE-042,21,Open
WMS-00324-5,SH-00324,W-LON,Pick Completed,2026-06-11T04:52,UT-BOILE-042,1,Completed
WMS-00324-6,SH-00324,W-COV,Pack Completed,2026-06-11T06:21,UT-BOILE-042,8,Completed
WMS-00324-7,SH-00324,W-GLA,Shipment Created,2026-06-11T08:31,UT-BOILE-042,24,Exception
WMS-00325-0,SH-00325,W-MAN,ASN Received,2026-06-16T10:37,UT-EV-027,2,Exception
WMS-00325-1,SH-00325,W-MAN,Goods Received,2026-06-16T12:23,UT-EV-027,1,Completed
WMS-00325-2,SH-00325,W-LON,Putaway Completed,2026-06-16T14:59,UT-EV-027,4,Exception
WMS-00326-0,SH-00326,W-COV,ASN Received,2026-06-10T10:33,UT-VALVE-065,5,Open
WMS-00326-1,SH-00326,W-MAN,Goods Received,2026-06-10T12:00,UT-VALVE-065,22,Open
WMS-00326-2,SH-00326,W-MAN,Putaway Completed,2026-06-10T14:19,UT-VALVE-065,8,Open
WMS-00326-3,SH-00326,W-GLA,Stock Adjustment,2026-06-10T16:32,UT-VALVE-065,17,Completed
WMS-00327-0,SH-00327,W-MAN,ASN Received,2026-06-09T17:03,UT-PIPEW-009,23,Completed
WMS-00327-1,SH-00327,W-COV,Goods Received,2026-06-09T19:38,UT-PIPEW-009,15,Exception
WMS-00327-2,SH-00327,W-COV,Putaway Completed,2026-06-09T21:05,UT-PIPEW-009,3,Open
WMS-00327-3,SH-00327,W-COV,Stock Adjustment,2026-06-09T23:00,UT-PIPEW-009,7,Open
WMS-00328-0,SH-00328,W-LON,ASN Received,2026-06-16T09:33,UT-METER-015,24,Completed
WMS-00328-1,SH-00328,W-LON,Goods Received,2026-06-16T11:08,UT-METER-015,15,Exception
WMS-00328-2,SH-00328,W-COV,Putaway Completed,2026-06-16T13:45,UT-METER-015,8,Open
WMS-00328-3,SH-00328,W-COV,Stock Adjustment,2026-06-16T15:26,UT-METER-015,4,Open
WMS-00328-4,SH-00328,W-COV,Pick Started,2026-06-16T17:35,UT-METER-015,23,Exception
WMS-00328-5,SH-00328,W-COV,Pick Completed,2026-06-16T19:49,UT-METER-015,20,Open
WMS-00328-6,SH-00328,W-MAN,Pack Completed,2026-06-16T21:08,UT-METER-015,7,Exception
WMS-00329-0,SH-00329,W-GLA,ASN Received,2026-06-09T15:54,UT-PIPEW-076,15,Open
WMS-00329-1,SH-00329,W-LON,Goods Received,2026-06-09T17:42,UT-PIPEW-076,16,Completed
WMS-00329-2,SH-00329,W-LON,Putaway Completed,2026-06-09T19:51,UT-PIPEW-076,15,Exception
WMS-00329-3,SH-00329,W-GLA,Stock Adjustment,2026-06-09T21:04,UT-PIPEW-076,14,Exception
WMS-00329-4,SH-00329,W-COV,Pick Started,2026-06-09T23:15,UT-PIPEW-076,19,Open
WMS-00329-5,SH-00329,W-MAN,Pick Completed,2026-06-10T01:05,UT-PIPEW-076,11,Completed
WMS-00329-6,SH-00329,W-COV,Pack Completed,2026-06-10T03:53,UT-PIPEW-076,14,Open
WMS-00330-0,SH-00330,W-GLA,ASN Received,2026-06-16T08:48,UT-VALVE-050,23,Exception
WMS-00330-1,SH-00330,W-LON,Goods Received,2026-06-16T10:44,UT-VALVE-050,10,Open
WMS-00330-2,SH-00330,W-MAN,Putaway Completed,2026-06-16T12:14,UT-VALVE-050,22,Exception
WMS-00330-3,SH-00330,W-GLA,Stock Adjustment,2026-06-16T14:14,UT-VALVE-050,10,Exception
WMS-00330-4,SH-00330,W-COV,Pick Started,2026-06-16T16:05,UT-VALVE-050,1,Open
WMS-00330-5,SH-00330,W-COV,Pick Completed,2026-06-16T18:52,UT-VALVE-050,4,Open
WMS-00330-6,SH-00330,W-LON,Pack Completed,2026-06-16T20:26,UT-VALVE-050,9,Completed
WMS-00330-7,SH-00330,W-LON,Shipment Created,2026-06-16T22:32,UT-VALVE-050,19,Open
WMS-00331-0,SH-00331,W-COV,ASN Received,2026-06-18T13:22,UT-PIPEW-041,3,Open
WMS-00331-1,SH-00331,W-COV,Goods Received,2026-06-18T15:01,UT-PIPEW-041,15,Completed
WMS-00331-2,SH-00331,W-COV,Putaway Completed,2026-06-18T17:52,UT-PIPEW-041,17,Open
WMS-00331-3,SH-00331,W-COV,Stock Adjustment,2026-06-18T19:23,UT-PIPEW-041,13,Open
WMS-00332-0,SH-00332,W-GLA,ASN Received,2026-06-16T18:08,UT-VALVE-062,1,Open
WMS-00332-1,SH-00332,W-LON,Goods Received,2026-06-16T20:43,UT-VALVE-062,7,Completed
WMS-00332-2,SH-00332,W-LON,Putaway Completed,2026-06-16T22:04,UT-VALVE-062,23,Completed
WMS-00332-3,SH-00332,W-GLA,Stock Adjustment,2026-06-17T00:13,UT-VALVE-062,24,Exception
WMS-00332-4,SH-00332,W-LON,Pick Started,2026-06-17T02:30,UT-VALVE-062,14,Exception
WMS-00332-5,SH-00332,W-MAN,Pick Completed,2026-06-17T04:22,UT-VALVE-062,20,Completed
WMS-00333-0,SH-00333,W-LON,ASN Received,2026-06-16T17:32,UT-SENSO-068,20,Open
WMS-00333-1,SH-00333,W-LON,Goods Received,2026-06-16T19:45,UT-SENSO-068,11,Open
WMS-00333-2,SH-00333,W-GLA,Putaway Completed,2026-06-16T21:10,UT-SENSO-068,14,Completed
WMS-00333-3,SH-00333,W-COV,Stock Adjustment,2026-06-16T23:15,UT-SENSO-068,17,Open
WMS-00333-4,SH-00333,W-MAN,Pick Started,2026-06-17T01:54,UT-SENSO-068,6,Open
WMS-00333-5,SH-00333,W-MAN,Pick Completed,2026-06-17T03:55,UT-SENSO-068,13,Exception
WMS-00333-6,SH-00333,W-MAN,Pack Completed,2026-06-17T05:29,UT-SENSO-068,24,Completed
WMS-00333-7,SH-00333,W-MAN,Shipment Created,2026-06-17T07:03,UT-SENSO-068,23,Completed
WMS-00334-0,SH-00334,W-LON,ASN Received,2026-06-04T09:36,UT-PIPEW-083,18,Completed
WMS-00334-1,SH-00334,W-COV,Goods Received,2026-06-04T11:56,UT-PIPEW-083,9,Completed
WMS-00334-2,SH-00334,W-LON,Putaway Completed,2026-06-04T13:17,UT-PIPEW-083,16,Completed
WMS-00334-3,SH-00334,W-COV,Stock Adjustment,2026-06-04T15:27,UT-PIPEW-083,18,Completed
WMS-00334-4,SH-00334,W-COV,Pick Started,2026-06-04T17:28,UT-PIPEW-083,15,Completed
WMS-00334-5,SH-00334,W-MAN,Pick Completed,2026-06-04T19:51,UT-PIPEW-083,3,Open
WMS-00334-6,SH-00334,W-MAN,Pack Completed,2026-06-04T21:28,UT-PIPEW-083,2,Open
WMS-00334-7,SH-00334,W-COV,Shipment Created,2026-06-04T23:02,UT-PIPEW-083,10,Exception
WMS-00335-0,SH-00335,W-COV,ASN Received,2026-06-15T10:52,UT-EV-027,13,Completed
WMS-00335-1,SH-00335,W-GLA,Goods Received,2026-06-15T12:41,UT-EV-027,2,Open
WMS-00335-2,SH-00335,W-LON,Putaway Completed,2026-06-15T14:03,UT-EV-027,5,Open
WMS-00335-3,SH-00335,W-LON,Stock Adjustment,2026-06-15T16:28,UT-EV-027,13,Exception
WMS-00336-0,SH-00336,W-GLA,ASN Received,2026-06-18T18:34,UT-BOILE-022,19,Completed
WMS-00336-1,SH-00336,W-MAN,Goods Received,2026-06-18T20:11,UT-BOILE-022,6,Open
WMS-00336-2,SH-00336,W-MAN,Putaway Completed,2026-06-18T22:15,UT-BOILE-022,7,Completed
WMS-00336-3,SH-00336,W-COV,Stock Adjustment,2026-06-19T00:10,UT-BOILE-022,8,Open
WMS-00336-4,SH-00336,W-COV,Pick Started,2026-06-19T02:02,UT-BOILE-022,5,Open
WMS-00337-0,SH-00337,W-COV,ASN Received,2026-06-04T17:28,UT-PUMP-043,11,Exception
WMS-00337-1,SH-00337,W-LON,Goods Received,2026-06-04T19:20,UT-PUMP-043,20,Exception
WMS-00337-2,SH-00337,W-MAN,Putaway Completed,2026-06-04T21:03,UT-PUMP-043,4,Completed
WMS-00337-3,SH-00337,W-MAN,Stock Adjustment,2026-06-04T23:31,UT-PUMP-043,13,Completed
WMS-00338-0,SH-00338,W-COV,ASN Received,2026-06-19T13:56,UT-VALVE-062,20,Open
WMS-00338-1,SH-00338,W-COV,Goods Received,2026-06-19T15:28,UT-VALVE-062,8,Completed
WMS-00338-2,SH-00338,W-COV,Putaway Completed,2026-06-19T17:36,UT-VALVE-062,19,Completed
WMS-00338-3,SH-00338,W-GLA,Stock Adjustment,2026-06-19T19:20,UT-VALVE-062,5,Open
WMS-00339-0,SH-00339,W-COV,ASN Received,2026-06-03T13:19,UT-BOILE-025,18,Open
WMS-00339-1,SH-00339,W-LON,Goods Received,2026-06-03T15:02,UT-BOILE-025,14,Open
WMS-00339-2,SH-00339,W-LON,Putaway Completed,2026-06-03T17:53,UT-BOILE-025,19,Completed
WMS-00339-3,SH-00339,W-MAN,Stock Adjustment,2026-06-03T19:56,UT-BOILE-025,8,Completed
WMS-00339-4,SH-00339,W-LON,Pick Started,2026-06-03T21:22,UT-BOILE-025,4,Open
WMS-00339-5,SH-00339,W-COV,Pick Completed,2026-06-03T23:10,UT-BOILE-025,11,Open
WMS-00339-6,SH-00339,W-GLA,Pack Completed,2026-06-04T01:27,UT-BOILE-025,9,Completed
WMS-00339-7,SH-00339,W-GLA,Shipment Created,2026-06-04T03:40,UT-BOILE-025,17,Open
WMS-00340-0,SH-00340,W-GLA,ASN Received,2026-06-18T10:28,UT-SENSO-068,6,Exception
WMS-00340-1,SH-00340,W-LON,Goods Received,2026-06-18T12:12,UT-SENSO-068,19,Open
WMS-00340-2,SH-00340,W-MAN,Putaway Completed,2026-06-18T14:41,UT-SENSO-068,1,Completed
WMS-00340-3,SH-00340,W-MAN,Stock Adjustment,2026-06-18T16:50,UT-SENSO-068,6,Completed
WMS-00341-0,SH-00341,W-MAN,ASN Received,2026-06-20T08:24,UT-SENSO-012,1,Exception
WMS-00341-1,SH-00341,W-COV,Goods Received,2026-06-20T10:26,UT-SENSO-012,1,Exception
WMS-00341-2,SH-00341,W-MAN,Putaway Completed,2026-06-20T12:29,UT-SENSO-012,16,Exception
WMS-00342-0,SH-00342,W-GLA,ASN Received,2026-06-13T09:08,UT-BOILE-042,7,Exception
WMS-00342-1,SH-00342,W-COV,Goods Received,2026-06-13T11:24,UT-BOILE-042,12,Open
WMS-00342-2,SH-00342,W-GLA,Putaway Completed,2026-06-13T13:07,UT-BOILE-042,24,Completed
WMS-00342-3,SH-00342,W-LON,Stock Adjustment,2026-06-13T15:11,UT-BOILE-042,15,Open
WMS-00342-4,SH-00342,W-LON,Pick Started,2026-06-13T17:33,UT-BOILE-042,12,Open
WMS-00342-5,SH-00342,W-LON,Pick Completed,2026-06-13T19:57,UT-BOILE-042,2,Open
WMS-00343-0,SH-00343,W-LON,ASN Received,2026-06-06T17:36,UT-EV-027,9,Open
WMS-00343-1,SH-00343,W-COV,Goods Received,2026-06-06T19:10,UT-EV-027,12,Open
WMS-00343-2,SH-00343,W-GLA,Putaway Completed,2026-06-06T21:47,UT-EV-027,8,Open
WMS-00343-3,SH-00343,W-MAN,Stock Adjustment,2026-06-06T23:26,UT-EV-027,18,Exception
WMS-00344-0,SH-00344,W-MAN,ASN Received,2026-06-06T11:29,UT-BOILE-036,17,Exception
WMS-00344-1,SH-00344,W-GLA,Goods Received,2026-06-06T13:17,UT-BOILE-036,7,Open
WMS-00344-2,SH-00344,W-COV,Putaway Completed,2026-06-06T15:25,UT-BOILE-036,24,Open
WMS-00344-3,SH-00344,W-COV,Stock Adjustment,2026-06-06T17:34,UT-BOILE-036,15,Exception
WMS-00344-4,SH-00344,W-GLA,Pick Started,2026-06-06T19:56,UT-BOILE-036,14,Open
WMS-00345-0,SH-00345,W-MAN,ASN Received,2026-06-08T14:28,UT-SENSO-060,9,Open
WMS-00345-1,SH-00345,W-MAN,Goods Received,2026-06-08T16:13,UT-SENSO-060,1,Open
WMS-00345-2,SH-00345,W-LON,Putaway Completed,2026-06-08T18:41,UT-SENSO-060,15,Exception
WMS-00345-3,SH-00345,W-MAN,Stock Adjustment,2026-06-08T20:01,UT-SENSO-060,13,Open
WMS-00346-0,SH-00346,W-COV,ASN Received,2026-06-06T10:44,UT-VALVE-016,15,Completed
WMS-00346-1,SH-00346,W-GLA,Goods Received,2026-06-06T12:41,UT-VALVE-016,18,Open
WMS-00346-2,SH-00346,W-COV,Putaway Completed,2026-06-06T14:34,UT-VALVE-016,13,Exception
WMS-00346-3,SH-00346,W-LON,Stock Adjustment,2026-06-06T16:01,UT-VALVE-016,14,Open
WMS-00347-0,SH-00347,W-MAN,ASN Received,2026-06-13T10:20,UT-PUMP-024,10,Exception
WMS-00347-1,SH-00347,W-COV,Goods Received,2026-06-13T12:07,UT-PUMP-024,10,Open
WMS-00347-2,SH-00347,W-LON,Putaway Completed,2026-06-13T14:28,UT-PUMP-024,1,Open
WMS-00348-0,SH-00348,W-GLA,ASN Received,2026-06-18T15:56,UT-EV-023,19,Exception
WMS-00348-1,SH-00348,W-MAN,Goods Received,2026-06-18T17:57,UT-EV-023,21,Exception
WMS-00348-2,SH-00348,W-COV,Putaway Completed,2026-06-18T19:21,UT-EV-023,1,Completed
WMS-00348-3,SH-00348,W-LON,Stock Adjustment,2026-06-18T21:49,UT-EV-023,2,Completed
WMS-00348-4,SH-00348,W-LON,Pick Started,2026-06-18T23:03,UT-EV-023,20,Completed
WMS-00348-5,SH-00348,W-LON,Pick Completed,2026-06-19T01:40,UT-EV-023,10,Completed
WMS-00348-6,SH-00348,W-LON,Pack Completed,2026-06-19T03:56,UT-EV-023,2,Completed
WMS-00348-7,SH-00348,W-COV,Shipment Created,2026-06-19T05:32,UT-EV-023,21,Exception
WMS-00349-0,SH-00349,W-COV,ASN Received,2026-06-15T10:33,UT-BOILE-067,5,Completed
WMS-00349-1,SH-00349,W-MAN,Goods Received,2026-06-15T12:39,UT-BOILE-067,4,Open
WMS-00349-2,SH-00349,W-COV,Putaway Completed,2026-06-15T14:40,UT-BOILE-067,6,Open
WMS-00350-0,SH-00350,W-COV,ASN Received,2026-06-09T11:15,UT-METER-087,20,Open
WMS-00350-1,SH-00350,W-LON,Goods Received,2026-06-09T13:00,UT-METER-087,5,Open
WMS-00350-2,SH-00350,W-MAN,Putaway Completed,2026-06-09T15:24,UT-METER-087,11,Completed
WMS-00350-3,SH-00350,W-GLA,Stock Adjustment,2026-06-09T17:02,UT-METER-087,12,Open
WMS-00350-4,SH-00350,W-MAN,Pick Started,2026-06-09T19:44,UT-METER-087,14,Open
WMS-00350-5,SH-00350,W-COV,Pick Completed,2026-06-09T21:44,UT-METER-087,18,Open
WMS-00351-0,SH-00351,W-MAN,ASN Received,2026-06-08T14:38,UT-BOILE-036,17,Open
WMS-00351-1,SH-00351,W-MAN,Goods Received,2026-06-08T16:10,UT-BOILE-036,14,Exception
WMS-00351-2,SH-00351,W-MAN,Putaway Completed,2026-06-08T18:00,UT-BOILE-036,13,Open
WMS-00351-3,SH-00351,W-LON,Stock Adjustment,2026-06-08T20:04,UT-BOILE-036,15,Exception
WMS-00351-4,SH-00351,W-LON,Pick Started,2026-06-08T22:11,UT-BOILE-036,7,Open
WMS-00352-0,SH-00352,W-MAN,ASN Received,2026-06-19T17:25,UT-SENSO-079,1,Completed
WMS-00352-1,SH-00352,W-COV,Goods Received,2026-06-19T19:57,UT-SENSO-079,3,Open
WMS-00352-2,SH-00352,W-GLA,Putaway Completed,2026-06-19T21:03,UT-SENSO-079,21,Exception
WMS-00352-3,SH-00352,W-LON,Stock Adjustment,2026-06-19T23:59,UT-SENSO-079,13,Completed
WMS-00353-0,SH-00353,W-GLA,ASN Received,2026-06-02T12:35,UT-PIPEW-009,20,Open
WMS-00353-1,SH-00353,W-MAN,Goods Received,2026-06-02T14:58,UT-PIPEW-009,19,Exception
WMS-00353-2,SH-00353,W-COV,Putaway Completed,2026-06-02T16:41,UT-PIPEW-009,12,Open
WMS-00353-3,SH-00353,W-MAN,Stock Adjustment,2026-06-02T18:56,UT-PIPEW-009,1,Completed
WMS-00353-4,SH-00353,W-LON,Pick Started,2026-06-02T20:42,UT-PIPEW-009,12,Completed
WMS-00353-5,SH-00353,W-COV,Pick Completed,2026-06-02T22:28,UT-PIPEW-009,20,Open
WMS-00353-6,SH-00353,W-LON,Pack Completed,2026-06-03T00:06,UT-PIPEW-009,17,Open
WMS-00354-0,SH-00354,W-GLA,ASN Received,2026-06-21T18:53,UT-PUMP-043,20,Exception
WMS-00354-1,SH-00354,W-COV,Goods Received,2026-06-21T20:37,UT-PUMP-043,7,Exception
WMS-00354-2,SH-00354,W-LON,Putaway Completed,2026-06-21T22:12,UT-PUMP-043,7,Open
WMS-00354-3,SH-00354,W-COV,Stock Adjustment,2026-06-22T00:12,UT-PUMP-043,10,Exception
WMS-00354-4,SH-00354,W-MAN,Pick Started,2026-06-22T02:51,UT-PUMP-043,10,Open
WMS-00354-5,SH-00354,W-GLA,Pick Completed,2026-06-22T04:54,UT-PUMP-043,15,Open
WMS-00354-6,SH-00354,W-COV,Pack Completed,2026-06-22T06:49,UT-PUMP-043,9,Open
WMS-00354-7,SH-00354,W-LON,Shipment Created,2026-06-22T08:01,UT-PUMP-043,15,Exception
WMS-00355-0,SH-00355,W-GLA,ASN Received,2026-06-11T09:45,UT-METER-054,20,Open
WMS-00355-1,SH-00355,W-GLA,Goods Received,2026-06-11T11:15,UT-METER-054,20,Exception
WMS-00355-2,SH-00355,W-COV,Putaway Completed,2026-06-11T13:58,UT-METER-054,13,Completed
WMS-00355-3,SH-00355,W-LON,Stock Adjustment,2026-06-11T15:52,UT-METER-054,16,Completed
WMS-00355-4,SH-00355,W-COV,Pick Started,2026-06-11T17:18,UT-METER-054,1,Exception
WMS-00356-0,SH-00356,W-GLA,ASN Received,2026-06-11T12:05,UT-VALVE-002,13,Open
WMS-00356-1,SH-00356,W-LON,Goods Received,2026-06-11T14:45,UT-VALVE-002,20,Completed
WMS-00356-2,SH-00356,W-MAN,Putaway Completed,2026-06-11T16:46,UT-VALVE-002,8,Open
WMS-00356-3,SH-00356,W-LON,Stock Adjustment,2026-06-11T18:08,UT-VALVE-002,7,Completed
WMS-00356-4,SH-00356,W-MAN,Pick Started,2026-06-11T20:38,UT-VALVE-002,15,Open
WMS-00356-5,SH-00356,W-GLA,Pick Completed,2026-06-11T22:54,UT-VALVE-002,1,Exception
WMS-00356-6,SH-00356,W-COV,Pack Completed,2026-06-12T00:48,UT-VALVE-002,14,Open
WMS-00357-0,SH-00357,W-COV,ASN Received,2026-06-02T17:30,UT-VALVE-065,16,Open
WMS-00357-1,SH-00357,W-GLA,Goods Received,2026-06-02T19:45,UT-VALVE-065,9,Open
WMS-00357-2,SH-00357,W-LON,Putaway Completed,2026-06-02T21:46,UT-VALVE-065,23,Completed
WMS-00357-3,SH-00357,W-MAN,Stock Adjustment,2026-06-02T23:58,UT-VALVE-065,21,Completed
WMS-00357-4,SH-00357,W-COV,Pick Started,2026-06-03T01:28,UT-VALVE-065,3,Open
WMS-00357-5,SH-00357,W-LON,Pick Completed,2026-06-03T03:47,UT-VALVE-065,3,Exception
WMS-00357-6,SH-00357,W-GLA,Pack Completed,2026-06-03T05:46,UT-VALVE-065,8,Exception
WMS-00357-7,SH-00357,W-GLA,Shipment Created,2026-06-03T07:26,UT-VALVE-065,16,Open
WMS-00358-0,SH-00358,W-COV,ASN Received,2026-06-08T13:41,UT-METER-017,21,Open
WMS-00358-1,SH-00358,W-GLA,Goods Received,2026-06-08T15:53,UT-METER-017,1,Exception
WMS-00358-2,SH-00358,W-COV,Putaway Completed,2026-06-08T17:00,UT-METER-017,7,Exception
WMS-00358-3,SH-00358,W-COV,Stock Adjustment,2026-06-08T19:37,UT-METER-017,4,Completed
WMS-00358-4,SH-00358,W-COV,Pick Started,2026-06-08T21:51,UT-METER-017,24,Completed
WMS-00358-5,SH-00358,W-COV,Pick Completed,2026-06-08T23:09,UT-METER-017,12,Completed
WMS-00358-6,SH-00358,W-COV,Pack Completed,2026-06-09T01:38,UT-METER-017,9,Open
WMS-00358-7,SH-00358,W-MAN,Shipment Created,2026-06-09T03:44,UT-METER-017,7,Open
WMS-00359-0,SH-00359,W-LON,ASN Received,2026-06-08T09:25,UT-EV-073,6,Completed
WMS-00359-1,SH-00359,W-GLA,Goods Received,2026-06-08T11:09,UT-EV-073,4,Open
WMS-00359-2,SH-00359,W-LON,Putaway Completed,2026-06-08T13:03,UT-EV-073,11,Exception
WMS-00359-3,SH-00359,W-LON,Stock Adjustment,2026-06-08T15:24,UT-EV-073,1,Completed
WMS-00359-4,SH-00359,W-LON,Pick Started,2026-06-08T17:06,UT-EV-073,14,Completed
WMS-00360-0,SH-00360,W-MAN,ASN Received,2026-06-15T08:15,UT-SENSO-070,19,Open
WMS-00360-1,SH-00360,W-GLA,Goods Received,2026-06-15T10:28,UT-SENSO-070,19,Open
WMS-00360-2,SH-00360,W-COV,Putaway Completed,2026-06-15T12:45,UT-SENSO-070,13,Open
WMS-00361-0,SH-00361,W-GLA,ASN Received,2026-06-11T15:15,UT-EV-047,1,Exception
WMS-00361-1,SH-00361,W-COV,Goods Received,2026-06-11T17:36,UT-EV-047,6,Completed
WMS-00361-2,SH-00361,W-COV,Putaway Completed,2026-06-11T19:38,UT-EV-047,12,Open
WMS-00361-3,SH-00361,W-LON,Stock Adjustment,2026-06-11T21:15,UT-EV-047,7,Completed
WMS-00361-4,SH-00361,W-MAN,Pick Started,2026-06-11T23:44,UT-EV-047,23,Exception
WMS-00361-5,SH-00361,W-LON,Pick Completed,2026-06-12T01:13,UT-EV-047,22,Completed
WMS-00361-6,SH-00361,W-MAN,Pack Completed,2026-06-12T03:36,UT-EV-047,13,Open
WMS-00362-0,SH-00362,W-GLA,ASN Received,2026-06-11T11:31,UT-EV-006,22,Completed
WMS-00362-1,SH-00362,W-MAN,Goods Received,2026-06-11T13:56,UT-EV-006,20,Completed
WMS-00362-2,SH-00362,W-LON,Putaway Completed,2026-06-11T15:21,UT-EV-006,11,Completed
WMS-00362-3,SH-00362,W-GLA,Stock Adjustment,2026-06-11T17:53,UT-EV-006,9,Exception
WMS-00363-0,SH-00363,W-MAN,ASN Received,2026-06-15T13:24,UT-METER-017,2,Open
WMS-00363-1,SH-00363,W-GLA,Goods Received,2026-06-15T15:10,UT-METER-017,20,Exception
WMS-00363-2,SH-00363,W-GLA,Putaway Completed,2026-06-15T17:08,UT-METER-017,21,Open
WMS-00364-0,SH-00364,W-MAN,ASN Received,2026-06-10T08:06,UT-BOILE-005,17,Completed
WMS-00364-1,SH-00364,W-LON,Goods Received,2026-06-10T10:47,UT-BOILE-005,19,Exception
WMS-00364-2,SH-00364,W-GLA,Putaway Completed,2026-06-10T12:53,UT-BOILE-005,20,Completed
WMS-00364-3,SH-00364,W-GLA,Stock Adjustment,2026-06-10T14:38,UT-BOILE-005,23,Exception
WMS-00364-4,SH-00364,W-LON,Pick Started,2026-06-10T16:02,UT-BOILE-005,19,Exception
WMS-00364-5,SH-00364,W-GLA,Pick Completed,2026-06-10T18:52,UT-BOILE-005,11,Completed
WMS-00364-6,SH-00364,W-GLA,Pack Completed,2026-06-10T20:38,UT-BOILE-005,23,Exception
WMS-00364-7,SH-00364,W-MAN,Shipment Created,2026-06-10T22:09,UT-BOILE-005,14,Open
WMS-00365-0,SH-00365,W-MAN,ASN Received,2026-06-08T17:28,UT-BOILE-028,17,Exception
WMS-00365-1,SH-00365,W-LON,Goods Received,2026-06-08T19:03,UT-BOILE-028,11,Exception
WMS-00365-2,SH-00365,W-GLA,Putaway Completed,2026-06-08T21:04,UT-BOILE-028,13,Exception
WMS-00365-3,SH-00365,W-COV,Stock Adjustment,2026-06-08T23:24,UT-BOILE-028,23,Completed
WMS-00366-0,SH-00366,W-LON,ASN Received,2026-06-19T18:20,UT-BOILE-026,12,Open
WMS-00366-1,SH-00366,W-LON,Goods Received,2026-06-19T20:43,UT-BOILE-026,17,Open
WMS-00366-2,SH-00366,W-GLA,Putaway Completed,2026-06-19T22:21,UT-BOILE-026,16,Exception
WMS-00367-0,SH-00367,W-MAN,ASN Received,2026-06-12T15:12,UT-SENSO-052,17,Open
WMS-00367-1,SH-00367,W-LON,Goods Received,2026-06-12T17:01,UT-SENSO-052,17,Completed
WMS-00367-2,SH-00367,W-GLA,Putaway Completed,2026-06-12T19:52,UT-SENSO-052,16,Completed
WMS-00367-3,SH-00367,W-COV,Stock Adjustment,2026-06-12T21:28,UT-SENSO-052,1,Completed
WMS-00368-0,SH-00368,W-LON,ASN Received,2026-06-09T10:39,UT-BOILE-025,9,Exception
WMS-00368-1,SH-00368,W-COV,Goods Received,2026-06-09T12:19,UT-BOILE-025,11,Completed
WMS-00368-2,SH-00368,W-LON,Putaway Completed,2026-06-09T14:13,UT-BOILE-025,12,Open
WMS-00368-3,SH-00368,W-LON,Stock Adjustment,2026-06-09T16:19,UT-BOILE-025,17,Completed
WMS-00368-4,SH-00368,W-GLA,Pick Started,2026-06-09T18:31,UT-BOILE-025,21,Exception
WMS-00369-0,SH-00369,W-LON,ASN Received,2026-06-11T17:47,UT-PUMP-074,9,Exception
WMS-00369-1,SH-00369,W-MAN,Goods Received,2026-06-11T19:12,UT-PUMP-074,1,Exception
WMS-00369-2,SH-00369,W-MAN,Putaway Completed,2026-06-11T21:53,UT-PUMP-074,20,Open
WMS-00370-0,SH-00370,W-MAN,ASN Received,2026-06-09T09:56,UT-BOILE-067,13,Open
WMS-00370-1,SH-00370,W-GLA,Goods Received,2026-06-09T11:36,UT-BOILE-067,10,Open
WMS-00370-2,SH-00370,W-COV,Putaway Completed,2026-06-09T13:59,UT-BOILE-067,14,Completed
WMS-00370-3,SH-00370,W-MAN,Stock Adjustment,2026-06-09T15:08,UT-BOILE-067,15,Exception
WMS-00370-4,SH-00370,W-MAN,Pick Started,2026-06-09T17:14,UT-BOILE-067,21,Open
WMS-00371-0,SH-00371,W-LON,ASN Received,2026-06-19T08:38,UT-PIPEW-058,2,Exception
WMS-00371-1,SH-00371,W-GLA,Goods Received,2026-06-19T10:23,UT-PIPEW-058,17,Exception
WMS-00371-2,SH-00371,W-LON,Putaway Completed,2026-06-19T12:10,UT-PIPEW-058,13,Exception
WMS-00371-3,SH-00371,W-MAN,Stock Adjustment,2026-06-19T14:32,UT-PIPEW-058,9,Exception
WMS-00371-4,SH-00371,W-LON,Pick Started,2026-06-19T16:26,UT-PIPEW-058,7,Exception
WMS-00372-0,SH-00372,W-MAN,ASN Received,2026-06-13T09:24,UT-EV-020,18,Exception
WMS-00372-1,SH-00372,W-MAN,Goods Received,2026-06-13T11:14,UT-EV-020,9,Exception
WMS-00372-2,SH-00372,W-LON,Putaway Completed,2026-06-13T13:42,UT-EV-020,10,Exception
WMS-00372-3,SH-00372,W-LON,Stock Adjustment,2026-06-13T15:58,UT-EV-020,2,Completed
WMS-00373-0,SH-00373,W-GLA,ASN Received,2026-06-16T13:16,UT-PIPEW-041,2,Open
WMS-00373-1,SH-00373,W-GLA,Goods Received,2026-06-16T15:32,UT-PIPEW-041,18,Completed
WMS-00373-2,SH-00373,W-COV,Putaway Completed,2026-06-16T17:04,UT-PIPEW-041,10,Completed
WMS-00373-3,SH-00373,W-GLA,Stock Adjustment,2026-06-16T19:56,UT-PIPEW-041,16,Completed
WMS-00373-4,SH-00373,W-COV,Pick Started,2026-06-16T21:48,UT-PIPEW-041,5,Completed
WMS-00373-5,SH-00373,W-GLA,Pick Completed,2026-06-16T23:54,UT-PIPEW-041,2,Completed
WMS-00373-6,SH-00373,W-LON,Pack Completed,2026-06-17T01:34,UT-PIPEW-041,15,Completed
WMS-00373-7,SH-00373,W-GLA,Shipment Created,2026-06-17T03:40,UT-PIPEW-041,13,Exception
WMS-00374-0,SH-00374,W-GLA,ASN Received,2026-06-19T18:37,UT-EV-010,16,Open
WMS-00374-1,SH-00374,W-LON,Goods Received,2026-06-19T20:45,UT-EV-010,6,Exception
WMS-00374-2,SH-00374,W-MAN,Putaway Completed,2026-06-19T22:42,UT-EV-010,15,Completed
WMS-00375-0,SH-00375,W-GLA,ASN Received,2026-06-02T10:41,UT-BOILE-066,3,Exception
WMS-00375-1,SH-00375,W-LON,Goods Received,2026-06-02T12:17,UT-BOILE-066,24,Exception
WMS-00375-2,SH-00375,W-COV,Putaway Completed,2026-06-02T14:27,UT-BOILE-066,3,Open
WMS-00375-3,SH-00375,W-COV,Stock Adjustment,2026-06-02T16:21,UT-BOILE-066,1,Completed
WMS-00375-4,SH-00375,W-MAN,Pick Started,2026-06-02T18:04,UT-BOILE-066,17,Exception
WMS-00375-5,SH-00375,W-COV,Pick Completed,2026-06-02T20:25,UT-BOILE-066,19,Exception
WMS-00375-6,SH-00375,W-COV,Pack Completed,2026-06-02T22:41,UT-BOILE-066,10,Completed
WMS-00376-0,SH-00376,W-LON,ASN Received,2026-06-13T08:26,UT-METER-039,14,Open
WMS-00376-1,SH-00376,W-COV,Goods Received,2026-06-13T10:00,UT-METER-039,5,Open
WMS-00376-2,SH-00376,W-LON,Putaway Completed,2026-06-13T12:58,UT-METER-039,8,Open
WMS-00376-3,SH-00376,W-MAN,Stock Adjustment,2026-06-13T14:51,UT-METER-039,2,Completed
WMS-00376-4,SH-00376,W-MAN,Pick Started,2026-06-13T16:08,UT-METER-039,22,Exception
WMS-00376-5,SH-00376,W-MAN,Pick Completed,2026-06-13T18:17,UT-METER-039,20,Exception
WMS-00376-6,SH-00376,W-COV,Pack Completed,2026-06-13T20:04,UT-METER-039,7,Exception
WMS-00377-0,SH-00377,W-GLA,ASN Received,2026-06-14T15:47,UT-METER-055,21,Open
WMS-00377-1,SH-00377,W-GLA,Goods Received,2026-06-14T17:22,UT-METER-055,19,Completed
WMS-00377-2,SH-00377,W-MAN,Putaway Completed,2026-06-14T19:31,UT-METER-055,22,Open
WMS-00377-3,SH-00377,W-LON,Stock Adjustment,2026-06-14T21:54,UT-METER-055,9,Completed
WMS-00377-4,SH-00377,W-GLA,Pick Started,2026-06-14T23:38,UT-METER-055,2,Completed
WMS-00377-5,SH-00377,W-MAN,Pick Completed,2026-06-15T01:59,UT-METER-055,18,Open
WMS-00377-6,SH-00377,W-COV,Pack Completed,2026-06-15T03:11,UT-METER-055,24,Open
WMS-00378-0,SH-00378,W-GLA,ASN Received,2026-06-09T12:13,UT-PIPEW-009,3,Completed
WMS-00378-1,SH-00378,W-COV,Goods Received,2026-06-09T14:18,UT-PIPEW-009,1,Exception
WMS-00378-2,SH-00378,W-GLA,Putaway Completed,2026-06-09T16:18,UT-PIPEW-009,8,Open
WMS-00378-3,SH-00378,W-LON,Stock Adjustment,2026-06-09T18:41,UT-PIPEW-009,14,Open
WMS-00378-4,SH-00378,W-COV,Pick Started,2026-06-09T20:32,UT-PIPEW-009,7,Completed
WMS-00378-5,SH-00378,W-GLA,Pick Completed,2026-06-09T22:32,UT-PIPEW-009,2,Completed
WMS-00378-6,SH-00378,W-COV,Pack Completed,2026-06-10T00:46,UT-PIPEW-009,23,Exception
WMS-00379-0,SH-00379,W-MAN,ASN Received,2026-06-07T17:00,UT-BOILE-032,13,Completed
WMS-00379-1,SH-00379,W-COV,Goods Received,2026-06-07T19:11,UT-BOILE-032,7,Completed
WMS-00379-2,SH-00379,W-MAN,Putaway Completed,2026-06-07T21:32,UT-BOILE-032,14,Open
WMS-00379-3,SH-00379,W-GLA,Stock Adjustment,2026-06-07T23:58,UT-BOILE-032,23,Completed
WMS-00379-4,SH-00379,W-GLA,Pick Started,2026-06-08T01:58,UT-BOILE-032,5,Completed
WMS-00379-5,SH-00379,W-GLA,Pick Completed,2026-06-08T03:47,UT-BOILE-032,4,Completed
WMS-00379-6,SH-00379,W-GLA,Pack Completed,2026-06-08T05:50,UT-BOILE-032,5,Completed
WMS-00379-7,SH-00379,W-LON,Shipment Created,2026-06-08T07:26,UT-BOILE-032,16,Completed
WMS-00380-0,SH-00380,W-MAN,ASN Received,2026-06-11T17:41,UT-PIPEW-041,6,Open
WMS-00380-1,SH-00380,W-MAN,Goods Received,2026-06-11T19:33,UT-PIPEW-041,13,Completed
WMS-00380-2,SH-00380,W-MAN,Putaway Completed,2026-06-11T21:10,UT-PIPEW-041,8,Exception
WMS-00380-3,SH-00380,W-GLA,Stock Adjustment,2026-06-11T23:21,UT-PIPEW-041,14,Exception
WMS-00381-0,SH-00381,W-LON,ASN Received,2026-06-10T10:23,UT-PUMP-043,11,Exception
WMS-00381-1,SH-00381,W-COV,Goods Received,2026-06-10T12:17,UT-PUMP-043,16,Open
WMS-00381-2,SH-00381,W-MAN,Putaway Completed,2026-06-10T14:23,UT-PUMP-043,8,Exception
WMS-00381-3,SH-00381,W-COV,Stock Adjustment,2026-06-10T16:39,UT-PUMP-043,14,Open
WMS-00381-4,SH-00381,W-GLA,Pick Started,2026-06-10T18:06,UT-PUMP-043,9,Open
WMS-00381-5,SH-00381,W-GLA,Pick Completed,2026-06-10T20:14,UT-PUMP-043,8,Open
WMS-00382-0,SH-00382,W-MAN,ASN Received,2026-06-10T15:20,UT-PUMP-090,9,Completed
WMS-00382-1,SH-00382,W-GLA,Goods Received,2026-06-10T17:26,UT-PUMP-090,18,Open
WMS-00382-2,SH-00382,W-LON,Putaway Completed,2026-06-10T19:15,UT-PUMP-090,22,Exception
WMS-00382-3,SH-00382,W-COV,Stock Adjustment,2026-06-10T21:26,UT-PUMP-090,4,Open
WMS-00383-0,SH-00383,W-MAN,ASN Received,2026-06-19T15:24,UT-PUMP-069,24,Open
WMS-00383-1,SH-00383,W-MAN,Goods Received,2026-06-19T17:07,UT-PUMP-069,5,Completed
WMS-00383-2,SH-00383,W-GLA,Putaway Completed,2026-06-19T19:25,UT-PUMP-069,7,Exception
WMS-00383-3,SH-00383,W-GLA,Stock Adjustment,2026-06-19T21:50,UT-PUMP-069,15,Open
WMS-00383-4,SH-00383,W-MAN,Pick Started,2026-06-19T23:20,UT-PUMP-069,21,Open
WMS-00383-5,SH-00383,W-MAN,Pick Completed,2026-06-20T01:47,UT-PUMP-069,19,Exception
WMS-00383-6,SH-00383,W-MAN,Pack Completed,2026-06-20T03:24,UT-PUMP-069,23,Open
WMS-00384-0,SH-00384,W-COV,ASN Received,2026-06-20T09:07,UT-SENSO-052,13,Exception
WMS-00384-1,SH-00384,W-MAN,Goods Received,2026-06-20T11:36,UT-SENSO-052,20,Open
WMS-00384-2,SH-00384,W-COV,Putaway Completed,2026-06-20T13:48,UT-SENSO-052,3,Completed
WMS-00384-3,SH-00384,W-MAN,Stock Adjustment,2026-06-20T15:14,UT-SENSO-052,9,Open
WMS-00384-4,SH-00384,W-MAN,Pick Started,2026-06-20T17:30,UT-SENSO-052,22,Open
WMS-00385-0,SH-00385,W-COV,ASN Received,2026-06-18T09:54,UT-VALVE-085,7,Open
WMS-00385-1,SH-00385,W-GLA,Goods Received,2026-06-18T11:19,UT-VALVE-085,18,Open
WMS-00385-2,SH-00385,W-MAN,Putaway Completed,2026-06-18T13:03,UT-VALVE-085,7,Open
WMS-00385-3,SH-00385,W-MAN,Stock Adjustment,2026-06-18T15:04,UT-VALVE-085,14,Completed
WMS-00386-0,SH-00386,W-MAN,ASN Received,2026-06-16T17:58,UT-VALVE-062,16,Exception
WMS-00386-1,SH-00386,W-COV,Goods Received,2026-06-16T19:49,UT-VALVE-062,20,Completed
WMS-00386-2,SH-00386,W-LON,Putaway Completed,2026-06-16T21:30,UT-VALVE-062,17,Open
WMS-00386-3,SH-00386,W-LON,Stock Adjustment,2026-06-16T23:24,UT-VALVE-062,10,Open
WMS-00386-4,SH-00386,W-MAN,Pick Started,2026-06-17T01:38,UT-VALVE-062,3,Completed
WMS-00387-0,SH-00387,W-COV,ASN Received,2026-06-10T17:08,UT-BOILE-011,21,Open
WMS-00387-1,SH-00387,W-GLA,Goods Received,2026-06-10T19:31,UT-BOILE-011,24,Completed
WMS-00387-2,SH-00387,W-LON,Putaway Completed,2026-06-10T21:37,UT-BOILE-011,18,Exception
WMS-00388-0,SH-00388,W-LON,ASN Received,2026-06-17T13:55,UT-SENSO-079,1,Open
WMS-00388-1,SH-00388,W-COV,Goods Received,2026-06-17T15:42,UT-SENSO-079,2,Completed
WMS-00388-2,SH-00388,W-GLA,Putaway Completed,2026-06-17T17:54,UT-SENSO-079,21,Open
WMS-00388-3,SH-00388,W-COV,Stock Adjustment,2026-06-17T19:53,UT-SENSO-079,8,Completed
WMS-00388-4,SH-00388,W-LON,Pick Started,2026-06-17T21:32,UT-SENSO-079,21,Open
WMS-00389-0,SH-00389,W-GLA,ASN Received,2026-06-15T09:02,UT-BOILE-034,1,Open
WMS-00389-1,SH-00389,W-COV,Goods Received,2026-06-15T11:02,UT-BOILE-034,24,Exception
WMS-00389-2,SH-00389,W-GLA,Putaway Completed,2026-06-15T13:28,UT-BOILE-034,20,Completed
WMS-00389-3,SH-00389,W-MAN,Stock Adjustment,2026-06-15T15:23,UT-BOILE-034,4,Exception
WMS-00389-4,SH-00389,W-COV,Pick Started,2026-06-15T17:59,UT-BOILE-034,8,Open
WMS-00390-0,SH-00390,W-LON,ASN Received,2026-06-11T15:35,UT-BOILE-004,14,Open
WMS-00390-1,SH-00390,W-GLA,Goods Received,2026-06-11T17:46,UT-BOILE-004,21,Completed
WMS-00390-2,SH-00390,W-COV,Putaway Completed,2026-06-11T19:11,UT-BOILE-004,3,Exception
WMS-00390-3,SH-00390,W-MAN,Stock Adjustment,2026-06-11T21:01,UT-BOILE-004,13,Completed
WMS-00390-4,SH-00390,W-GLA,Pick Started,2026-06-11T23:31,UT-BOILE-004,18,Exception
WMS-00391-0,SH-00391,W-LON,ASN Received,2026-06-15T16:04,UT-BOILE-004,24,Completed
WMS-00391-1,SH-00391,W-LON,Goods Received,2026-06-15T18:21,UT-BOILE-004,14,Open
WMS-00391-2,SH-00391,W-MAN,Putaway Completed,2026-06-15T20:14,UT-BOILE-004,15,Open
WMS-00392-0,SH-00392,W-MAN,ASN Received,2026-06-13T13:13,UT-BOILE-057,10,Exception
WMS-00392-1,SH-00392,W-COV,Goods Received,2026-06-13T15:49,UT-BOILE-057,2,Open
WMS-00392-2,SH-00392,W-COV,Putaway Completed,2026-06-13T17:29,UT-BOILE-057,23,Completed
WMS-00392-3,SH-00392,W-GLA,Stock Adjustment,2026-06-13T19:07,UT-BOILE-057,24,Open
WMS-00392-4,SH-00392,W-GLA,Pick Started,2026-06-13T21:15,UT-BOILE-057,13,Exception
WMS-00393-0,SH-00393,W-COV,ASN Received,2026-06-11T15:28,UT-BOILE-042,6,Completed
WMS-00393-1,SH-00393,W-LON,Goods Received,2026-06-11T17:18,UT-BOILE-042,6,Exception
WMS-00393-2,SH-00393,W-MAN,Putaway Completed,2026-06-11T19:53,UT-BOILE-042,5,Completed
WMS-00393-3,SH-00393,W-GLA,Stock Adjustment,2026-06-11T21:05,UT-BOILE-042,14,Open
WMS-00393-4,SH-00393,W-MAN,Pick Started,2026-06-11T23:57,UT-BOILE-042,4,Open
WMS-00393-5,SH-00393,W-MAN,Pick Completed,2026-06-12T01:37,UT-BOILE-042,6,Open
WMS-00393-6,SH-00393,W-LON,Pack Completed,2026-06-12T03:38,UT-BOILE-042,7,Open
WMS-00393-7,SH-00393,W-COV,Shipment Created,2026-06-12T05:25,UT-BOILE-042,8,Completed
WMS-00394-0,SH-00394,W-LON,ASN Received,2026-06-08T17:45,UT-BOILE-005,23,Exception
WMS-00394-1,SH-00394,W-GLA,Goods Received,2026-06-08T19:44,UT-BOILE-005,16,Completed
WMS-00394-2,SH-00394,W-GLA,Putaway Completed,2026-06-08T21:22,UT-BOILE-005,20,Open
WMS-00394-3,SH-00394,W-COV,Stock Adjustment,2026-06-08T23:46,UT-BOILE-005,15,Exception
WMS-00394-4,SH-00394,W-MAN,Pick Started,2026-06-09T01:14,UT-BOILE-005,1,Open
WMS-00395-0,SH-00395,W-MAN,ASN Received,2026-06-03T14:35,UT-BOILE-028,3,Exception
WMS-00395-1,SH-00395,W-GLA,Goods Received,2026-06-03T16:30,UT-BOILE-028,18,Completed
WMS-00395-2,SH-00395,W-LON,Putaway Completed,2026-06-03T18:42,UT-BOILE-028,3,Exception
WMS-00396-0,SH-00396,W-COV,ASN Received,2026-06-08T09:47,UT-EV-008,8,Open
WMS-00396-1,SH-00396,W-GLA,Goods Received,2026-06-08T11:49,UT-EV-008,8,Exception
WMS-00396-2,SH-00396,W-MAN,Putaway Completed,2026-06-08T13:55,UT-EV-008,8,Exception
WMS-00397-0,SH-00397,W-LON,ASN Received,2026-06-09T14:55,UT-EV-010,8,Open
WMS-00397-1,SH-00397,W-COV,Goods Received,2026-06-09T16:51,UT-EV-010,5,Open
WMS-00397-2,SH-00397,W-MAN,Putaway Completed,2026-06-09T18:17,UT-EV-010,11,Open
WMS-00397-3,SH-00397,W-MAN,Stock Adjustment,2026-06-09T20:51,UT-EV-010,8,Open
WMS-00397-4,SH-00397,W-GLA,Pick Started,2026-06-09T22:43,UT-EV-010,13,Open
WMS-00397-5,SH-00397,W-LON,Pick Completed,2026-06-10T00:39,UT-EV-010,16,Open
WMS-00398-0,SH-00398,W-MAN,ASN Received,2026-06-10T17:16,UT-SENSO-068,22,Open
WMS-00398-1,SH-00398,W-MAN,Goods Received,2026-06-10T19:04,UT-SENSO-068,5,Exception
WMS-00398-2,SH-00398,W-COV,Putaway Completed,2026-06-10T21:19,UT-SENSO-068,14,Exception
WMS-00398-3,SH-00398,W-GLA,Stock Adjustment,2026-06-10T23:57,UT-SENSO-068,1,Completed
WMS-00398-4,SH-00398,W-MAN,Pick Started,2026-06-11T01:50,UT-SENSO-068,7,Open
WMS-00398-5,SH-00398,W-LON,Pick Completed,2026-06-11T03:29,UT-SENSO-068,18,Exception
WMS-00398-6,SH-00398,W-COV,Pack Completed,2026-06-11T05:18,UT-SENSO-068,12,Open
WMS-00399-0,SH-00399,W-COV,ASN Received,2026-06-12T09:08,UT-EV-073,5,Completed
WMS-00399-1,SH-00399,W-COV,Goods Received,2026-06-12T11:57,UT-EV-073,24,Exception
WMS-00399-2,SH-00399,W-GLA,Putaway Completed,2026-06-12T13:32,UT-EV-073,9,Completed
WMS-00400-0,SH-00400,W-COV,ASN Received,2026-06-07T11:52,UT-VALVE-033,21,Completed
WMS-00400-1,SH-00400,W-COV,Goods Received,2026-06-07T13:06,UT-VALVE-033,11,Open
WMS-00400-2,SH-00400,W-LON,Putaway Completed,2026-06-07T15:07,UT-VALVE-033,16,Open
WMS-00400-3,SH-00400,W-COV,Stock Adjustment,2026-06-07T17:34,UT-VALVE-033,2,Completed
WMS-00400-4,SH-00400,W-COV,Pick Started,2026-06-07T19:18,UT-VALVE-033,9,Exception
WMS-00401-0,SH-00401,W-LON,ASN Received,2026-06-09T11:50,UT-EV-008,22,Completed
WMS-00401-1,SH-00401,W-LON,Goods Received,2026-06-09T13:57,UT-EV-008,20,Exception
WMS-00401-2,SH-00401,W-MAN,Putaway Completed,2026-06-09T15:30,UT-EV-008,23,Completed
WMS-00401-3,SH-00401,W-LON,Stock Adjustment,2026-06-09T17:05,UT-EV-008,4,Open
WMS-00402-0,SH-00402,W-MAN,ASN Received,2026-06-14T09:37,UT-VALVE-050,21,Exception
WMS-00402-1,SH-00402,W-MAN,Goods Received,2026-06-14T11:18,UT-VALVE-050,6,Open
WMS-00402-2,SH-00402,W-LON,Putaway Completed,2026-06-14T13:42,UT-VALVE-050,5,Completed
WMS-00402-3,SH-00402,W-LON,Stock Adjustment,2026-06-14T15:57,UT-VALVE-050,23,Open
WMS-00403-0,SH-00403,W-COV,ASN Received,2026-06-11T16:34,UT-SENSO-072,19,Open
WMS-00403-1,SH-00403,W-MAN,Goods Received,2026-06-11T18:56,UT-SENSO-072,24,Completed
WMS-00403-2,SH-00403,W-LON,Putaway Completed,2026-06-11T20:48,UT-SENSO-072,8,Exception
WMS-00403-3,SH-00403,W-MAN,Stock Adjustment,2026-06-11T22:30,UT-SENSO-072,16,Open
WMS-00404-0,SH-00404,W-LON,ASN Received,2026-06-10T10:25,UT-METER-015,15,Open
WMS-00404-1,SH-00404,W-GLA,Goods Received,2026-06-10T12:02,UT-METER-015,20,Exception
WMS-00404-2,SH-00404,W-LON,Putaway Completed,2026-06-10T14:33,UT-METER-015,8,Completed
WMS-00404-3,SH-00404,W-GLA,Stock Adjustment,2026-06-10T16:49,UT-METER-015,9,Completed
WMS-00404-4,SH-00404,W-COV,Pick Started,2026-06-10T18:39,UT-METER-015,23,Open
WMS-00405-0,SH-00405,W-LON,ASN Received,2026-06-13T18:22,UT-BOILE-021,18,Exception
WMS-00405-1,SH-00405,W-MAN,Goods Received,2026-06-13T20:42,UT-BOILE-021,9,Open
WMS-00405-2,SH-00405,W-GLA,Putaway Completed,2026-06-13T22:38,UT-BOILE-021,15,Exception
WMS-00405-3,SH-00405,W-MAN,Stock Adjustment,2026-06-14T00:14,UT-BOILE-021,11,Open
WMS-00406-0,SH-00406,W-LON,ASN Received,2026-06-12T15:42,UT-VALVE-065,5,Open
WMS-00406-1,SH-00406,W-COV,Goods Received,2026-06-12T17:02,UT-VALVE-065,2,Exception
WMS-00406-2,SH-00406,W-MAN,Putaway Completed,2026-06-12T19:01,UT-VALVE-065,18,Open
WMS-00406-3,SH-00406,W-COV,Stock Adjustment,2026-06-12T21:05,UT-VALVE-065,10,Exception
WMS-00406-4,SH-00406,W-LON,Pick Started,2026-06-12T23:50,UT-VALVE-065,1,Open
WMS-00406-5,SH-00406,W-COV,Pick Completed,2026-06-13T01:37,UT-VALVE-065,1,Exception
WMS-00406-6,SH-00406,W-GLA,Pack Completed,2026-06-13T03:17,UT-VALVE-065,7,Completed
WMS-00406-7,SH-00406,W-LON,Shipment Created,2026-06-13T05:56,UT-VALVE-065,4,Open
WMS-00407-0,SH-00407,W-MAN,ASN Received,2026-06-21T11:03,UT-BOILE-026,9,Exception
WMS-00407-1,SH-00407,W-MAN,Goods Received,2026-06-21T13:40,UT-BOILE-026,15,Open
WMS-00407-2,SH-00407,W-LON,Putaway Completed,2026-06-21T15:05,UT-BOILE-026,8,Open
WMS-00407-3,SH-00407,W-LON,Stock Adjustment,2026-06-21T17:10,UT-BOILE-026,18,Exception
WMS-00407-4,SH-00407,W-COV,Pick Started,2026-06-21T19:32,UT-BOILE-026,3,Completed
WMS-00407-5,SH-00407,W-MAN,Pick Completed,2026-06-21T21:43,UT-BOILE-026,21,Open
WMS-00407-6,SH-00407,W-COV,Pack Completed,2026-06-21T23:22,UT-BOILE-026,19,Open
WMS-00408-0,SH-00408,W-COV,ASN Received,2026-06-01T13:32,UT-PUMP-090,16,Open
WMS-00408-1,SH-00408,W-LON,Goods Received,2026-06-01T15:55,UT-PUMP-090,5,Exception
WMS-00408-2,SH-00408,W-MAN,Putaway Completed,2026-06-01T17:26,UT-PUMP-090,8,Open
WMS-00408-3,SH-00408,W-GLA,Stock Adjustment,2026-06-01T19:01,UT-PUMP-090,3,Exception
WMS-00408-4,SH-00408,W-LON,Pick Started,2026-06-01T21:56,UT-PUMP-090,21,Completed
WMS-00408-5,SH-00408,W-LON,Pick Completed,2026-06-01T23:59,UT-PUMP-090,13,Completed
WMS-00409-0,SH-00409,W-MAN,ASN Received,2026-06-14T14:58,UT-BOILE-021,18,Open
WMS-00409-1,SH-00409,W-COV,Goods Received,2026-06-14T16:20,UT-BOILE-021,1,Completed
WMS-00409-2,SH-00409,W-GLA,Putaway Completed,2026-06-14T18:07,UT-BOILE-021,15,Completed
WMS-00410-0,SH-00410,W-COV,ASN Received,2026-06-19T09:06,UT-PUMP-043,24,Completed
WMS-00410-1,SH-00410,W-GLA,Goods Received,2026-06-19T11:40,UT-PUMP-043,1,Completed
WMS-00410-2,SH-00410,W-LON,Putaway Completed,2026-06-19T13:53,UT-PUMP-043,21,Completed
WMS-00411-0,SH-00411,W-GLA,ASN Received,2026-06-13T18:57,UT-BOILE-036,14,Exception
WMS-00411-1,SH-00411,W-LON,Goods Received,2026-06-13T20:16,UT-BOILE-036,2,Exception
WMS-00411-2,SH-00411,W-LON,Putaway Completed,2026-06-13T22:34,UT-BOILE-036,16,Completed
WMS-00411-3,SH-00411,W-GLA,Stock Adjustment,2026-06-14T00:41,UT-BOILE-036,10,Open
WMS-00411-4,SH-00411,W-GLA,Pick Started,2026-06-14T02:14,UT-BOILE-036,9,Open
WMS-00411-5,SH-00411,W-COV,Pick Completed,2026-06-14T04:17,UT-BOILE-036,13,Exception
WMS-00411-6,SH-00411,W-LON,Pack Completed,2026-06-14T06:57,UT-BOILE-036,18,Exception
WMS-00411-7,SH-00411,W-LON,Shipment Created,2026-06-14T08:22,UT-BOILE-036,17,Completed
WMS-00412-0,SH-00412,W-MAN,ASN Received,2026-06-10T16:55,UT-EV-035,24,Open
WMS-00412-1,SH-00412,W-GLA,Goods Received,2026-06-10T18:55,UT-EV-035,18,Completed
WMS-00412-2,SH-00412,W-GLA,Putaway Completed,2026-06-10T20:01,UT-EV-035,24,Open
WMS-00412-3,SH-00412,W-GLA,Stock Adjustment,2026-06-10T22:51,UT-EV-035,2,Open
WMS-00412-4,SH-00412,W-COV,Pick Started,2026-06-11T00:38,UT-EV-035,6,Exception
WMS-00413-0,SH-00413,W-MAN,ASN Received,2026-06-01T08:35,UT-SENSO-052,4,Open
WMS-00413-1,SH-00413,W-MAN,Goods Received,2026-06-01T10:21,UT-SENSO-052,8,Completed
WMS-00413-2,SH-00413,W-MAN,Putaway Completed,2026-06-01T12:58,UT-SENSO-052,15,Exception
WMS-00414-0,SH-00414,W-GLA,ASN Received,2026-06-08T15:40,UT-PUMP-088,14,Completed
WMS-00414-1,SH-00414,W-COV,Goods Received,2026-06-08T17:37,UT-PUMP-088,8,Open
WMS-00414-2,SH-00414,W-COV,Putaway Completed,2026-06-08T19:05,UT-PUMP-088,16,Exception
WMS-00415-0,SH-00415,W-MAN,ASN Received,2026-06-08T15:05,UT-PUMP-045,20,Open
WMS-00415-1,SH-00415,W-MAN,Goods Received,2026-06-08T17:01,UT-PUMP-045,8,Exception
WMS-00415-2,SH-00415,W-GLA,Putaway Completed,2026-06-08T19:04,UT-PUMP-045,14,Exception
WMS-00415-3,SH-00415,W-LON,Stock Adjustment,2026-06-08T21:03,UT-PUMP-045,10,Open
WMS-00415-4,SH-00415,W-COV,Pick Started,2026-06-08T23:45,UT-PUMP-045,11,Exception
WMS-00415-5,SH-00415,W-MAN,Pick Completed,2026-06-09T01:58,UT-PUMP-045,5,Exception
WMS-00416-0,SH-00416,W-GLA,ASN Received,2026-06-04T10:18,UT-METER-054,19,Completed
WMS-00416-1,SH-00416,W-GLA,Goods Received,2026-06-04T12:40,UT-METER-054,9,Completed
WMS-00416-2,SH-00416,W-COV,Putaway Completed,2026-06-04T14:33,UT-METER-054,23,Completed
WMS-00417-0,SH-00417,W-MAN,ASN Received,2026-06-20T13:25,UT-METER-039,19,Completed
WMS-00417-1,SH-00417,W-GLA,Goods Received,2026-06-20T15:28,UT-METER-039,7,Exception
WMS-00417-2,SH-00417,W-LON,Putaway Completed,2026-06-20T17:27,UT-METER-039,16,Completed
WMS-00417-3,SH-00417,W-COV,Stock Adjustment,2026-06-20T19:22,UT-METER-039,5,Exception
WMS-00417-4,SH-00417,W-LON,Pick Started,2026-06-20T21:31,UT-METER-039,1,Open
WMS-00417-5,SH-00417,W-GLA,Pick Completed,2026-06-20T23:22,UT-METER-039,20,Exception
WMS-00417-6,SH-00417,W-COV,Pack Completed,2026-06-21T01:23,UT-METER-039,7,Completed
WMS-00418-0,SH-00418,W-MAN,ASN Received,2026-06-01T10:15,UT-BOILE-036,14,Exception
WMS-00418-1,SH-00418,W-COV,Goods Received,2026-06-01T12:02,UT-BOILE-036,3,Completed
WMS-00418-2,SH-00418,W-MAN,Putaway Completed,2026-06-01T14:28,UT-BOILE-036,6,Completed
WMS-00418-3,SH-00418,W-COV,Stock Adjustment,2026-06-01T16:55,UT-BOILE-036,11,Completed
WMS-00418-4,SH-00418,W-MAN,Pick Started,2026-06-01T18:15,UT-BOILE-036,9,Open
WMS-00418-5,SH-00418,W-COV,Pick Completed,2026-06-01T20:06,UT-BOILE-036,18,Open
WMS-00418-6,SH-00418,W-MAN,Pack Completed,2026-06-01T22:09,UT-BOILE-036,1,Completed
WMS-00419-0,SH-00419,W-GLA,ASN Received,2026-06-12T11:44,UT-PUMP-069,23,Completed
WMS-00419-1,SH-00419,W-COV,Goods Received,2026-06-12T13:30,UT-PUMP-069,1,Open
WMS-00419-2,SH-00419,W-COV,Putaway Completed,2026-06-12T15:27,UT-PUMP-069,8,Open
WMS-00420-0,SH-00420,W-LON,ASN Received,2026-06-20T13:48,UT-EV-047,5,Open
WMS-00420-1,SH-00420,W-MAN,Goods Received,2026-06-20T15:37,UT-EV-047,12,Open
WMS-00420-2,SH-00420,W-COV,Putaway Completed,2026-06-20T17:08,UT-EV-047,24,Open
WMS-00420-3,SH-00420,W-LON,Stock Adjustment,2026-06-20T19:59,UT-EV-047,15,Exception
WMS-00420-4,SH-00420,W-MAN,Pick Started,2026-06-20T21:01,UT-EV-047,12,Open
WMS-00420-5,SH-00420,W-LON,Pick Completed,2026-06-20T23:13,UT-EV-047,15,Completed
WMS-00420-6,SH-00420,W-MAN,Pack Completed,2026-06-21T01:34,UT-EV-047,17,Open
WMS-00420-7,SH-00420,W-GLA,Shipment Created,2026-06-21T03:52,UT-EV-047,2,Completed
WMS-00421-0,SH-00421,W-LON,ASN Received,2026-06-13T09:59,UT-PUMP-018,1,Completed
WMS-00421-1,SH-00421,W-LON,Goods Received,2026-06-13T11:35,UT-PUMP-018,18,Completed
WMS-00421-2,SH-00421,W-COV,Putaway Completed,2026-06-13T13:01,UT-PUMP-018,9,Exception
WMS-00421-3,SH-00421,W-MAN,Stock Adjustment,2026-06-13T15:31,UT-PUMP-018,22,Exception
WMS-00421-4,SH-00421,W-MAN,Pick Started,2026-06-13T17:25,UT-PUMP-018,24,Completed
WMS-00421-5,SH-00421,W-COV,Pick Completed,2026-06-13T19:48,UT-PUMP-018,12,Exception
WMS-00421-6,SH-00421,W-MAN,Pack Completed,2026-06-13T21:47,UT-PUMP-018,5,Exception
WMS-00422-0,SH-00422,W-LON,ASN Received,2026-06-16T08:39,UT-METER-015,20,Completed
WMS-00422-1,SH-00422,W-GLA,Goods Received,2026-06-16T10:10,UT-METER-015,5,Completed
WMS-00422-2,SH-00422,W-LON,Putaway Completed,2026-06-16T12:07,UT-METER-015,4,Open
WMS-00422-3,SH-00422,W-LON,Stock Adjustment,2026-06-16T14:50,UT-METER-015,11,Open
WMS-00422-4,SH-00422,W-GLA,Pick Started,2026-06-16T16:33,UT-METER-015,24,Completed
WMS-00423-0,SH-00423,W-COV,ASN Received,2026-06-01T14:07,UT-SENSO-080,7,Exception
WMS-00423-1,SH-00423,W-COV,Goods Received,2026-06-01T16:31,UT-SENSO-080,3,Open
WMS-00423-2,SH-00423,W-LON,Putaway Completed,2026-06-01T18:22,UT-SENSO-080,7,Exception
WMS-00423-3,SH-00423,W-MAN,Stock Adjustment,2026-06-01T20:07,UT-SENSO-080,13,Completed
WMS-00423-4,SH-00423,W-MAN,Pick Started,2026-06-01T22:26,UT-SENSO-080,4,Completed
WMS-00423-5,SH-00423,W-COV,Pick Completed,2026-06-02T00:30,UT-SENSO-080,20,Exception
WMS-00423-6,SH-00423,W-GLA,Pack Completed,2026-06-02T02:17,UT-SENSO-080,19,Completed
WMS-00423-7,SH-00423,W-COV,Shipment Created,2026-06-02T04:19,UT-SENSO-080,23,Exception
WMS-00424-0,SH-00424,W-MAN,ASN Received,2026-06-20T13:45,UT-BOILE-032,7,Open
WMS-00424-1,SH-00424,W-COV,Goods Received,2026-06-20T15:07,UT-BOILE-032,23,Exception
WMS-00424-2,SH-00424,W-LON,Putaway Completed,2026-06-20T17:14,UT-BOILE-032,19,Exception
WMS-00425-0,SH-00425,W-MAN,ASN Received,2026-06-07T16:13,UT-PUMP-046,20,Open
WMS-00425-1,SH-00425,W-MAN,Goods Received,2026-06-07T18:59,UT-PUMP-046,14,Open
WMS-00425-2,SH-00425,W-COV,Putaway Completed,2026-06-07T20:30,UT-PUMP-046,23,Completed
WMS-00426-0,SH-00426,W-GLA,ASN Received,2026-06-10T08:15,UT-VALVE-062,12,Completed
WMS-00426-1,SH-00426,W-GLA,Goods Received,2026-06-10T10:28,UT-VALVE-062,14,Open
WMS-00426-2,SH-00426,W-COV,Putaway Completed,2026-06-10T12:07,UT-VALVE-062,22,Exception
WMS-00426-3,SH-00426,W-LON,Stock Adjustment,2026-06-10T14:42,UT-VALVE-062,3,Open
WMS-00427-0,SH-00427,W-LON,ASN Received,2026-06-04T12:27,UT-BOILE-036,19,Exception
WMS-00427-1,SH-00427,W-LON,Goods Received,2026-06-04T14:38,UT-BOILE-036,6,Completed
WMS-00427-2,SH-00427,W-GLA,Putaway Completed,2026-06-04T16:14,UT-BOILE-036,8,Exception
WMS-00427-3,SH-00427,W-LON,Stock Adjustment,2026-06-04T18:05,UT-BOILE-036,19,Open
WMS-00427-4,SH-00427,W-COV,Pick Started,2026-06-04T20:53,UT-BOILE-036,3,Exception
WMS-00427-5,SH-00427,W-MAN,Pick Completed,2026-06-04T22:38,UT-BOILE-036,22,Completed
WMS-00427-6,SH-00427,W-MAN,Pack Completed,2026-06-05T00:50,UT-BOILE-036,10,Completed
WMS-00427-7,SH-00427,W-GLA,Shipment Created,2026-06-05T02:41,UT-BOILE-036,21,Completed
WMS-00428-0,SH-00428,W-COV,ASN Received,2026-06-06T16:36,UT-METER-001,12,Completed
WMS-00428-1,SH-00428,W-GLA,Goods Received,2026-06-06T18:38,UT-METER-001,9,Open
WMS-00428-2,SH-00428,W-COV,Putaway Completed,2026-06-06T20:15,UT-METER-001,19,Open
WMS-00428-3,SH-00428,W-LON,Stock Adjustment,2026-06-06T22:18,UT-METER-001,11,Completed
WMS-00428-4,SH-00428,W-GLA,Pick Started,2026-06-07T00:38,UT-METER-001,4,Open
WMS-00429-0,SH-00429,W-GLA,ASN Received,2026-06-15T09:39,UT-PUMP-043,15,Completed
WMS-00429-1,SH-00429,W-COV,Goods Received,2026-06-15T11:01,UT-PUMP-043,7,Exception
WMS-00429-2,SH-00429,W-GLA,Putaway Completed,2026-06-15T13:50,UT-PUMP-043,23,Open
WMS-00430-0,SH-00430,W-GLA,ASN Received,2026-06-12T14:19,UT-METER-044,2,Completed
WMS-00430-1,SH-00430,W-GLA,Goods Received,2026-06-12T16:57,UT-METER-044,6,Exception
WMS-00430-2,SH-00430,W-LON,Putaway Completed,2026-06-12T18:04,UT-METER-044,16,Exception
WMS-00430-3,SH-00430,W-MAN,Stock Adjustment,2026-06-12T20:57,UT-METER-044,11,Open
WMS-00430-4,SH-00430,W-COV,Pick Started,2026-06-12T22:19,UT-METER-044,2,Completed
WMS-00430-5,SH-00430,W-GLA,Pick Completed,2026-06-13T00:03,UT-METER-044,22,Completed
WMS-00431-0,SH-00431,W-GLA,ASN Received,2026-06-14T10:33,UT-BOILE-042,13,Open
WMS-00431-1,SH-00431,W-COV,Goods Received,2026-06-14T12:57,UT-BOILE-042,7,Open
WMS-00431-2,SH-00431,W-GLA,Putaway Completed,2026-06-14T14:26,UT-BOILE-042,5,Completed
WMS-00431-3,SH-00431,W-MAN,Stock Adjustment,2026-06-14T16:47,UT-BOILE-042,14,Completed
WMS-00431-4,SH-00431,W-GLA,Pick Started,2026-06-14T18:19,UT-BOILE-042,22,Open
WMS-00431-5,SH-00431,W-MAN,Pick Completed,2026-06-14T20:40,UT-BOILE-042,20,Open
WMS-00432-0,SH-00432,W-GLA,ASN Received,2026-06-08T11:39,UT-BOILE-066,9,Exception
WMS-00432-1,SH-00432,W-GLA,Goods Received,2026-06-08T13:41,UT-BOILE-066,8,Open
WMS-00432-2,SH-00432,W-GLA,Putaway Completed,2026-06-08T15:08,UT-BOILE-066,19,Open
WMS-00432-3,SH-00432,W-MAN,Stock Adjustment,2026-06-08T17:28,UT-BOILE-066,24,Open
WMS-00432-4,SH-00432,W-GLA,Pick Started,2026-06-08T19:56,UT-BOILE-066,1,Completed
WMS-00432-5,SH-00432,W-LON,Pick Completed,2026-06-08T21:24,UT-BOILE-066,15,Open
WMS-00433-0,SH-00433,W-MAN,ASN Received,2026-06-09T10:21,UT-SENSO-061,6,Completed
WMS-00433-1,SH-00433,W-MAN,Goods Received,2026-06-09T12:26,UT-SENSO-061,14,Completed
WMS-00433-2,SH-00433,W-COV,Putaway Completed,2026-06-09T14:55,UT-SENSO-061,2,Open
WMS-00433-3,SH-00433,W-LON,Stock Adjustment,2026-06-09T16:01,UT-SENSO-061,19,Exception
WMS-00433-4,SH-00433,W-COV,Pick Started,2026-06-09T18:04,UT-SENSO-061,2,Exception
WMS-00434-0,SH-00434,W-MAN,ASN Received,2026-06-14T09:45,UT-BOILE-040,20,Completed
WMS-00434-1,SH-00434,W-GLA,Goods Received,2026-06-14T11:45,UT-BOILE-040,5,Open
WMS-00434-2,SH-00434,W-LON,Putaway Completed,2026-06-14T13:21,UT-BOILE-040,20,Exception
WMS-00434-3,SH-00434,W-GLA,Stock Adjustment,2026-06-14T15:01,UT-BOILE-040,17,Exception
WMS-00434-4,SH-00434,W-COV,Pick Started,2026-06-14T17:17,UT-BOILE-040,23,Completed
WMS-00434-5,SH-00434,W-MAN,Pick Completed,2026-06-14T19:44,UT-BOILE-040,8,Completed
WMS-00434-6,SH-00434,W-MAN,Pack Completed,2026-06-14T21:36,UT-BOILE-040,23,Completed
WMS-00435-0,SH-00435,W-MAN,ASN Received,2026-06-11T12:58,UT-METER-055,24,Completed
WMS-00435-1,SH-00435,W-LON,Goods Received,2026-06-11T14:41,UT-METER-055,8,Open
WMS-00435-2,SH-00435,W-COV,Putaway Completed,2026-06-11T16:34,UT-METER-055,24,Exception
WMS-00436-0,SH-00436,W-LON,ASN Received,2026-06-16T15:21,UT-SENSO-053,12,Exception
WMS-00436-1,SH-00436,W-COV,Goods Received,2026-06-16T17:24,UT-SENSO-053,15,Open
WMS-00436-2,SH-00436,W-MAN,Putaway Completed,2026-06-16T19:13,UT-SENSO-053,18,Completed
WMS-00436-3,SH-00436,W-COV,Stock Adjustment,2026-06-16T21:37,UT-SENSO-053,8,Open
WMS-00437-0,SH-00437,W-COV,ASN Received,2026-06-02T11:20,UT-PUMP-074,8,Completed
WMS-00437-1,SH-00437,W-MAN,Goods Received,2026-06-02T13:03,UT-PUMP-074,10,Open
WMS-00437-2,SH-00437,W-COV,Putaway Completed,2026-06-02T15:28,UT-PUMP-074,15,Exception
WMS-00438-0,SH-00438,W-LON,ASN Received,2026-06-02T17:44,UT-SENSO-086,20,Completed
WMS-00438-1,SH-00438,W-COV,Goods Received,2026-06-02T19:03,UT-SENSO-086,23,Exception
WMS-00438-2,SH-00438,W-MAN,Putaway Completed,2026-06-02T21:10,UT-SENSO-086,22,Open
WMS-00438-3,SH-00438,W-MAN,Stock Adjustment,2026-06-02T23:51,UT-SENSO-086,24,Completed
WMS-00438-4,SH-00438,W-LON,Pick Started,2026-06-03T01:34,UT-SENSO-086,5,Open
WMS-00438-5,SH-00438,W-MAN,Pick Completed,2026-06-03T03:09,UT-SENSO-086,22,Completed
WMS-00438-6,SH-00438,W-LON,Pack Completed,2026-06-03T05:22,UT-SENSO-086,21,Open
WMS-00438-7,SH-00438,W-MAN,Shipment Created,2026-06-03T07:41,UT-SENSO-086,13,Exception
WMS-00439-0,SH-00439,W-GLA,ASN Received,2026-06-17T11:21,UT-VALVE-049,6,Exception
WMS-00439-1,SH-00439,W-COV,Goods Received,2026-06-17T13:21,UT-VALVE-049,22,Exception
WMS-00439-2,SH-00439,W-COV,Putaway Completed,2026-06-17T15:45,UT-VALVE-049,5,Exception
WMS-00440-0,SH-00440,W-LON,ASN Received,2026-06-02T12:33,UT-SENSO-052,17,Exception
WMS-00440-1,SH-00440,W-LON,Goods Received,2026-06-02T14:46,UT-SENSO-052,13,Open
WMS-00440-2,SH-00440,W-LON,Putaway Completed,2026-06-02T16:44,UT-SENSO-052,20,Exception
WMS-00440-3,SH-00440,W-MAN,Stock Adjustment,2026-06-02T18:04,UT-SENSO-052,7,Open
WMS-00440-4,SH-00440,W-COV,Pick Started,2026-06-02T20:26,UT-SENSO-052,21,Completed
WMS-00440-5,SH-00440,W-MAN,Pick Completed,2026-06-02T22:53,UT-SENSO-052,19,Completed
WMS-00440-6,SH-00440,W-COV,Pack Completed,2026-06-03T00:06,UT-SENSO-052,24,Completed
WMS-00441-0,SH-00441,W-GLA,ASN Received,2026-06-16T17:56,UT-VALVE-049,3,Exception
WMS-00441-1,SH-00441,W-LON,Goods Received,2026-06-16T19:30,UT-VALVE-049,7,Exception
WMS-00441-2,SH-00441,W-COV,Putaway Completed,2026-06-16T21:52,UT-VALVE-049,19,Open
WMS-00441-3,SH-00441,W-MAN,Stock Adjustment,2026-06-16T23:08,UT-VALVE-049,22,Exception
WMS-00441-4,SH-00441,W-LON,Pick Started,2026-06-17T01:31,UT-VALVE-049,1,Exception
WMS-00441-5,SH-00441,W-GLA,Pick Completed,2026-06-17T03:55,UT-VALVE-049,17,Exception
WMS-00441-6,SH-00441,W-LON,Pack Completed,2026-06-17T05:52,UT-VALVE-049,21,Exception
WMS-00442-0,SH-00442,W-GLA,ASN Received,2026-06-05T17:53,UT-SENSO-053,19,Open
WMS-00442-1,SH-00442,W-GLA,Goods Received,2026-06-05T19:09,UT-SENSO-053,3,Completed
WMS-00442-2,SH-00442,W-GLA,Putaway Completed,2026-06-05T21:40,UT-SENSO-053,7,Completed
WMS-00442-3,SH-00442,W-LON,Stock Adjustment,2026-06-05T23:20,UT-SENSO-053,12,Exception
WMS-00442-4,SH-00442,W-GLA,Pick Started,2026-06-06T01:38,UT-SENSO-053,21,Completed
WMS-00442-5,SH-00442,W-LON,Pick Completed,2026-06-06T03:17,UT-SENSO-053,18,Exception
WMS-00442-6,SH-00442,W-LON,Pack Completed,2026-06-06T05:17,UT-SENSO-053,3,Exception
WMS-00443-0,SH-00443,W-MAN,ASN Received,2026-06-13T18:53,UT-EV-082,2,Completed
WMS-00443-1,SH-00443,W-GLA,Goods Received,2026-06-13T20:36,UT-EV-082,16,Exception
WMS-00443-2,SH-00443,W-MAN,Putaway Completed,2026-06-13T22:11,UT-EV-082,9,Completed
WMS-00443-3,SH-00443,W-MAN,Stock Adjustment,2026-06-14T00:33,UT-EV-082,9,Exception
WMS-00443-4,SH-00443,W-MAN,Pick Started,2026-06-14T02:19,UT-EV-082,22,Exception
WMS-00443-5,SH-00443,W-MAN,Pick Completed,2026-06-14T04:30,UT-EV-082,13,Open
WMS-00444-0,SH-00444,W-LON,ASN Received,2026-06-09T14:31,UT-PIPEW-007,9,Exception
WMS-00444-1,SH-00444,W-LON,Goods Received,2026-06-09T16:40,UT-PIPEW-007,23,Completed
WMS-00444-2,SH-00444,W-LON,Putaway Completed,2026-06-09T18:08,UT-PIPEW-007,2,Exception
WMS-00444-3,SH-00444,W-GLA,Stock Adjustment,2026-06-09T20:47,UT-PIPEW-007,7,Open
WMS-00444-4,SH-00444,W-GLA,Pick Started,2026-06-09T22:39,UT-PIPEW-007,19,Completed
WMS-00444-5,SH-00444,W-COV,Pick Completed,2026-06-10T00:38,UT-PIPEW-007,23,Completed
WMS-00444-6,SH-00444,W-GLA,Pack Completed,2026-06-10T02:26,UT-PIPEW-007,15,Exception
WMS-00445-0,SH-00445,W-COV,ASN Received,2026-06-12T08:38,UT-PUMP-088,17,Completed
WMS-00445-1,SH-00445,W-LON,Goods Received,2026-06-12T10:30,UT-PUMP-088,12,Open
WMS-00445-2,SH-00445,W-COV,Putaway Completed,2026-06-12T12:09,UT-PUMP-088,19,Exception
WMS-00445-3,SH-00445,W-GLA,Stock Adjustment,2026-06-12T14:19,UT-PUMP-088,4,Open
WMS-00445-4,SH-00445,W-MAN,Pick Started,2026-06-12T16:21,UT-PUMP-088,7,Exception
WMS-00445-5,SH-00445,W-COV,Pick Completed,2026-06-12T18:27,UT-PUMP-088,9,Exception
WMS-00445-6,SH-00445,W-MAN,Pack Completed,2026-06-12T20:33,UT-PUMP-088,22,Completed
WMS-00445-7,SH-00445,W-GLA,Shipment Created,2026-06-12T22:42,UT-PUMP-088,19,Open
WMS-00446-0,SH-00446,W-LON,ASN Received,2026-06-12T14:29,UT-BOILE-057,4,Completed
WMS-00446-1,SH-00446,W-COV,Goods Received,2026-06-12T16:07,UT-BOILE-057,4,Open
WMS-00446-2,SH-00446,W-GLA,Putaway Completed,2026-06-12T18:29,UT-BOILE-057,15,Completed
WMS-00446-3,SH-00446,W-GLA,Stock Adjustment,2026-06-12T20:39,UT-BOILE-057,9,Completed
WMS-00446-4,SH-00446,W-COV,Pick Started,2026-06-12T22:52,UT-BOILE-057,22,Open
WMS-00446-5,SH-00446,W-LON,Pick Completed,2026-06-13T00:08,UT-BOILE-057,6,Open
WMS-00446-6,SH-00446,W-GLA,Pack Completed,2026-06-13T02:29,UT-BOILE-057,17,Open
WMS-00447-0,SH-00447,W-LON,ASN Received,2026-06-11T12:10,UT-VALVE-033,8,Completed
WMS-00447-1,SH-00447,W-GLA,Goods Received,2026-06-11T14:28,UT-VALVE-033,1,Open
WMS-00447-2,SH-00447,W-COV,Putaway Completed,2026-06-11T16:29,UT-VALVE-033,4,Open
WMS-00447-3,SH-00447,W-LON,Stock Adjustment,2026-06-11T18:51,UT-VALVE-033,19,Open
WMS-00448-0,SH-00448,W-COV,ASN Received,2026-06-19T15:31,UT-PIPEW-013,18,Open
WMS-00448-1,SH-00448,W-MAN,Goods Received,2026-06-19T17:33,UT-PIPEW-013,11,Open
WMS-00448-2,SH-00448,W-COV,Putaway Completed,2026-06-19T19:25,UT-PIPEW-013,23,Completed
WMS-00448-3,SH-00448,W-COV,Stock Adjustment,2026-06-19T21:47,UT-PIPEW-013,12,Exception
WMS-00448-4,SH-00448,W-MAN,Pick Started,2026-06-19T23:42,UT-PIPEW-013,18,Exception
WMS-00448-5,SH-00448,W-LON,Pick Completed,2026-06-20T01:28,UT-PIPEW-013,13,Exception
WMS-00448-6,SH-00448,W-MAN,Pack Completed,2026-06-20T03:22,UT-PIPEW-013,7,Open
WMS-00449-0,SH-00449,W-COV,ASN Received,2026-06-17T17:42,UT-METER-031,2,Open
WMS-00449-1,SH-00449,W-MAN,Goods Received,2026-06-17T19:51,UT-METER-031,12,Exception
WMS-00449-2,SH-00449,W-LON,Putaway Completed,2026-06-17T21:53,UT-METER-031,12,Exception
WMS-00449-3,SH-00449,W-MAN,Stock Adjustment,2026-06-17T23:24,UT-METER-031,1,Exception
WMS-00450-0,SH-00450,W-MAN,ASN Received,2026-06-08T15:11,UT-METER-044,12,Exception
WMS-00450-1,SH-00450,W-GLA,Goods Received,2026-06-08T17:17,UT-METER-044,10,Completed
WMS-00450-2,SH-00450,W-COV,Putaway Completed,2026-06-08T19:33,UT-METER-044,4,Exception
WMS-00450-3,SH-00450,W-GLA,Stock Adjustment,2026-06-08T21:05,UT-METER-044,7,Open
WMS-00450-4,SH-00450,W-LON,Pick Started,2026-06-08T23:12,UT-METER-044,17,Completed
WMS-00450-5,SH-00450,W-GLA,Pick Completed,2026-06-09T01:09,UT-METER-044,2,Completed
WMS-00450-6,SH-00450,W-COV,Pack Completed,2026-06-09T03:44,UT-METER-044,19,Completed
WMS-00450-7,SH-00450,W-LON,Shipment Created,2026-06-09T05:53,UT-METER-044,24,Open
WMS-00451-0,SH-00451,W-LON,ASN Received,2026-06-09T15:09,UT-METER-039,24,Exception
WMS-00451-1,SH-00451,W-GLA,Goods Received,2026-06-09T17:00,UT-METER-039,16,Open
WMS-00451-2,SH-00451,W-LON,Putaway Completed,2026-06-09T19:44,UT-METER-039,3,Exception
WMS-00451-3,SH-00451,W-LON,Stock Adjustment,2026-06-09T21:11,UT-METER-039,4,Open
WMS-00451-4,SH-00451,W-MAN,Pick Started,2026-06-09T23:02,UT-METER-039,10,Exception
WMS-00451-5,SH-00451,W-LON,Pick Completed,2026-06-10T01:35,UT-METER-039,2,Exception
WMS-00452-0,SH-00452,W-COV,ASN Received,2026-06-19T11:07,UT-PIPEW-014,18,Completed
WMS-00452-1,SH-00452,W-GLA,Goods Received,2026-06-19T13:35,UT-PIPEW-014,19,Completed
WMS-00452-2,SH-00452,W-MAN,Putaway Completed,2026-06-19T15:25,UT-PIPEW-014,18,Completed
WMS-00452-3,SH-00452,W-LON,Stock Adjustment,2026-06-19T17:29,UT-PIPEW-014,1,Open
WMS-00452-4,SH-00452,W-GLA,Pick Started,2026-06-19T19:11,UT-PIPEW-014,4,Open
WMS-00452-5,SH-00452,W-MAN,Pick Completed,2026-06-19T21:04,UT-PIPEW-014,20,Completed
WMS-00452-6,SH-00452,W-LON,Pack Completed,2026-06-19T23:46,UT-PIPEW-014,5,Open
WMS-00452-7,SH-00452,W-MAN,Shipment Created,2026-06-20T01:25,UT-PIPEW-014,1,Completed
WMS-00453-0,SH-00453,W-MAN,ASN Received,2026-06-18T16:12,UT-METER-015,3,Exception
WMS-00453-1,SH-00453,W-GLA,Goods Received,2026-06-18T18:23,UT-METER-015,17,Exception
WMS-00453-2,SH-00453,W-LON,Putaway Completed,2026-06-18T20:36,UT-METER-015,19,Completed
WMS-00453-3,SH-00453,W-MAN,Stock Adjustment,2026-06-18T22:21,UT-METER-015,20,Open
WMS-00454-0,SH-00454,W-MAN,ASN Received,2026-06-16T08:19,UT-PUMP-064,11,Exception
WMS-00454-1,SH-00454,W-LON,Goods Received,2026-06-16T10:43,UT-PUMP-064,21,Exception
WMS-00454-2,SH-00454,W-MAN,Putaway Completed,2026-06-16T12:53,UT-PUMP-064,3,Exception
WMS-00454-3,SH-00454,W-LON,Stock Adjustment,2026-06-16T14:48,UT-PUMP-064,8,Completed
WMS-00454-4,SH-00454,W-MAN,Pick Started,2026-06-16T16:14,UT-PUMP-064,6,Open
WMS-00455-0,SH-00455,W-GLA,ASN Received,2026-06-11T15:18,UT-METER-054,22,Exception
WMS-00455-1,SH-00455,W-GLA,Goods Received,2026-06-11T17:26,UT-METER-054,11,Open
WMS-00455-2,SH-00455,W-MAN,Putaway Completed,2026-06-11T19:32,UT-METER-054,19,Open
WMS-00455-3,SH-00455,W-MAN,Stock Adjustment,2026-06-11T21:10,UT-METER-054,13,Exception
WMS-00455-4,SH-00455,W-MAN,Pick Started,2026-06-11T23:18,UT-METER-054,17,Open
WMS-00455-5,SH-00455,W-GLA,Pick Completed,2026-06-12T01:43,UT-METER-054,1,Completed
WMS-00456-0,SH-00456,W-COV,ASN Received,2026-06-09T18:03,UT-VALVE-002,15,Completed
WMS-00456-1,SH-00456,W-GLA,Goods Received,2026-06-09T20:07,UT-VALVE-002,5,Exception
WMS-00456-2,SH-00456,W-LON,Putaway Completed,2026-06-09T22:11,UT-VALVE-002,6,Exception
WMS-00457-0,SH-00457,W-MAN,ASN Received,2026-06-10T11:32,UT-SENSO-053,11,Completed
WMS-00457-1,SH-00457,W-LON,Goods Received,2026-06-10T13:45,UT-SENSO-053,2,Completed
WMS-00457-2,SH-00457,W-LON,Putaway Completed,2026-06-10T15:55,UT-SENSO-053,9,Open
WMS-00458-0,SH-00458,W-COV,ASN Received,2026-06-18T15:58,UT-SENSO-072,16,Completed
WMS-00458-1,SH-00458,W-COV,Goods Received,2026-06-18T17:39,UT-SENSO-072,23,Open
WMS-00458-2,SH-00458,W-LON,Putaway Completed,2026-06-18T19:26,UT-SENSO-072,7,Exception
WMS-00458-3,SH-00458,W-MAN,Stock Adjustment,2026-06-18T21:34,UT-SENSO-072,16,Exception
WMS-00459-0,SH-00459,W-MAN,ASN Received,2026-06-16T11:46,UT-VALVE-062,23,Exception
WMS-00459-1,SH-00459,W-COV,Goods Received,2026-06-16T13:05,UT-VALVE-062,24,Open
WMS-00459-2,SH-00459,W-GLA,Putaway Completed,2026-06-16T15:19,UT-VALVE-062,12,Open
WMS-00459-3,SH-00459,W-COV,Stock Adjustment,2026-06-16T17:25,UT-VALVE-062,9,Exception
WMS-00459-4,SH-00459,W-LON,Pick Started,2026-06-16T19:39,UT-VALVE-062,5,Exception
WMS-00459-5,SH-00459,W-COV,Pick Completed,2026-06-16T21:03,UT-VALVE-062,9,Open
WMS-00459-6,SH-00459,W-LON,Pack Completed,2026-06-16T23:08,UT-VALVE-062,15,Open
WMS-00459-7,SH-00459,W-COV,Shipment Created,2026-06-17T01:49,UT-VALVE-062,4,Open
WMS-00460-0,SH-00460,W-LON,ASN Received,2026-06-09T12:04,UT-SENSO-052,9,Exception
WMS-00460-1,SH-00460,W-GLA,Goods Received,2026-06-09T14:32,UT-SENSO-052,23,Completed
WMS-00460-2,SH-00460,W-LON,Putaway Completed,2026-06-09T16:00,UT-SENSO-052,4,Open
WMS-00460-3,SH-00460,W-COV,Stock Adjustment,2026-06-09T18:46,UT-SENSO-052,4,Exception
WMS-00460-4,SH-00460,W-LON,Pick Started,2026-06-09T20:31,UT-SENSO-052,20,Open
WMS-00460-5,SH-00460,W-MAN,Pick Completed,2026-06-09T22:01,UT-SENSO-052,20,Completed
WMS-00461-0,SH-00461,W-COV,ASN Received,2026-06-02T09:50,UT-EV-010,10,Completed
WMS-00461-1,SH-00461,W-GLA,Goods Received,2026-06-02T11:35,UT-EV-010,15,Completed
WMS-00461-2,SH-00461,W-LON,Putaway Completed,2026-06-02T13:10,UT-EV-010,13,Completed
WMS-00461-3,SH-00461,W-GLA,Stock Adjustment,2026-06-02T15:38,UT-EV-010,3,Exception
WMS-00461-4,SH-00461,W-MAN,Pick Started,2026-06-02T17:44,UT-EV-010,3,Completed
WMS-00461-5,SH-00461,W-GLA,Pick Completed,2026-06-02T19:41,UT-EV-010,19,Open
WMS-00461-6,SH-00461,W-LON,Pack Completed,2026-06-02T21:15,UT-EV-010,21,Open
WMS-00461-7,SH-00461,W-LON,Shipment Created,2026-06-02T23:30,UT-EV-010,6,Open
WMS-00462-0,SH-00462,W-COV,ASN Received,2026-06-07T18:36,UT-BOILE-025,10,Completed
WMS-00462-1,SH-00462,W-COV,Goods Received,2026-06-07T20:26,UT-BOILE-025,23,Open
WMS-00462-2,SH-00462,W-LON,Putaway Completed,2026-06-07T22:14,UT-BOILE-025,16,Open
WMS-00462-3,SH-00462,W-MAN,Stock Adjustment,2026-06-08T00:18,UT-BOILE-025,6,Open
WMS-00462-4,SH-00462,W-LON,Pick Started,2026-06-08T02:44,UT-BOILE-025,23,Completed
WMS-00462-5,SH-00462,W-MAN,Pick Completed,2026-06-08T04:23,UT-BOILE-025,9,Exception
WMS-00462-6,SH-00462,W-MAN,Pack Completed,2026-06-08T06:59,UT-BOILE-025,2,Completed
WMS-00462-7,SH-00462,W-LON,Shipment Created,2026-06-08T08:50,UT-BOILE-025,20,Completed
WMS-00463-0,SH-00463,W-LON,ASN Received,2026-06-21T08:43,UT-VALVE-077,14,Exception
WMS-00463-1,SH-00463,W-LON,Goods Received,2026-06-21T10:50,UT-VALVE-077,16,Completed
WMS-00463-2,SH-00463,W-GLA,Putaway Completed,2026-06-21T12:15,UT-VALVE-077,20,Completed
WMS-00463-3,SH-00463,W-MAN,Stock Adjustment,2026-06-21T14:10,UT-VALVE-077,14,Completed
WMS-00463-4,SH-00463,W-GLA,Pick Started,2026-06-21T16:29,UT-VALVE-077,24,Completed
WMS-00463-5,SH-00463,W-LON,Pick Completed,2026-06-21T18:20,UT-VALVE-077,1,Completed
WMS-00463-6,SH-00463,W-MAN,Pack Completed,2026-06-21T20:09,UT-VALVE-077,20,Exception
WMS-00464-0,SH-00464,W-COV,ASN Received,2026-06-14T12:17,UT-PUMP-074,11,Completed
WMS-00464-1,SH-00464,W-MAN,Goods Received,2026-06-14T14:50,UT-PUMP-074,23,Open
WMS-00464-2,SH-00464,W-MAN,Putaway Completed,2026-06-14T16:32,UT-PUMP-074,16,Exception
WMS-00464-3,SH-00464,W-MAN,Stock Adjustment,2026-06-14T18:21,UT-PUMP-074,15,Completed
WMS-00464-4,SH-00464,W-MAN,Pick Started,2026-06-14T20:52,UT-PUMP-074,17,Completed
WMS-00464-5,SH-00464,W-MAN,Pick Completed,2026-06-14T22:15,UT-PUMP-074,1,Open
WMS-00464-6,SH-00464,W-MAN,Pack Completed,2026-06-15T00:17,UT-PUMP-074,11,Completed
WMS-00465-0,SH-00465,W-MAN,ASN Received,2026-06-06T11:09,UT-METER-087,21,Exception
WMS-00465-1,SH-00465,W-GLA,Goods Received,2026-06-06T13:21,UT-METER-087,13,Open
WMS-00465-2,SH-00465,W-COV,Putaway Completed,2026-06-06T15:05,UT-METER-087,19,Exception
WMS-00465-3,SH-00465,W-MAN,Stock Adjustment,2026-06-06T17:23,UT-METER-087,12,Completed
WMS-00465-4,SH-00465,W-MAN,Pick Started,2026-06-06T19:20,UT-METER-087,8,Exception
WMS-00466-0,SH-00466,W-COV,ASN Received,2026-06-19T09:42,UT-EV-063,22,Exception
WMS-00466-1,SH-00466,W-GLA,Goods Received,2026-06-19T11:57,UT-EV-063,23,Open
WMS-00466-2,SH-00466,W-MAN,Putaway Completed,2026-06-19T13:20,UT-EV-063,5,Completed
WMS-00466-3,SH-00466,W-COV,Stock Adjustment,2026-06-19T15:29,UT-EV-063,14,Completed
WMS-00467-0,SH-00467,W-COV,ASN Received,2026-06-02T13:24,UT-EV-006,8,Exception
WMS-00467-1,SH-00467,W-COV,Goods Received,2026-06-02T15:26,UT-EV-006,17,Open
WMS-00467-2,SH-00467,W-GLA,Putaway Completed,2026-06-02T17:05,UT-EV-006,17,Exception
WMS-00467-3,SH-00467,W-GLA,Stock Adjustment,2026-06-02T19:59,UT-EV-006,14,Exception
WMS-00467-4,SH-00467,W-COV,Pick Started,2026-06-02T21:22,UT-EV-006,21,Completed
WMS-00467-5,SH-00467,W-LON,Pick Completed,2026-06-02T23:21,UT-EV-006,13,Exception
WMS-00468-0,SH-00468,W-GLA,ASN Received,2026-06-06T16:24,UT-BOILE-021,16,Open
WMS-00468-1,SH-00468,W-COV,Goods Received,2026-06-06T18:27,UT-BOILE-021,13,Exception
WMS-00468-2,SH-00468,W-LON,Putaway Completed,2026-06-06T20:28,UT-BOILE-021,12,Completed
WMS-00469-0,SH-00469,W-COV,ASN Received,2026-06-03T14:23,UT-METER-044,10,Exception
WMS-00469-1,SH-00469,W-LON,Goods Received,2026-06-03T16:43,UT-METER-044,5,Completed
WMS-00469-2,SH-00469,W-COV,Putaway Completed,2026-06-03T18:09,UT-METER-044,9,Exception
WMS-00469-3,SH-00469,W-COV,Stock Adjustment,2026-06-03T20:08,UT-METER-044,12,Open
WMS-00469-4,SH-00469,W-GLA,Pick Started,2026-06-03T22:20,UT-METER-044,1,Exception
WMS-00469-5,SH-00469,W-COV,Pick Completed,2026-06-04T00:21,UT-METER-044,10,Exception
WMS-00470-0,SH-00470,W-GLA,ASN Received,2026-06-19T17:06,UT-VALVE-065,15,Exception
WMS-00470-1,SH-00470,W-LON,Goods Received,2026-06-19T19:20,UT-VALVE-065,9,Open
WMS-00470-2,SH-00470,W-LON,Putaway Completed,2026-06-19T21:09,UT-VALVE-065,17,Exception
WMS-00470-3,SH-00470,W-LON,Stock Adjustment,2026-06-19T23:44,UT-VALVE-065,7,Open
WMS-00470-4,SH-00470,W-COV,Pick Started,2026-06-20T01:33,UT-VALVE-065,20,Open
WMS-00470-5,SH-00470,W-MAN,Pick Completed,2026-06-20T03:09,UT-VALVE-065,11,Completed
WMS-00470-6,SH-00470,W-LON,Pack Completed,2026-06-20T05:49,UT-VALVE-065,11,Exception
WMS-00470-7,SH-00470,W-LON,Shipment Created,2026-06-20T07:03,UT-VALVE-065,1,Completed
WMS-00471-0,SH-00471,W-GLA,ASN Received,2026-06-08T12:08,UT-BOILE-032,16,Open
WMS-00471-1,SH-00471,W-GLA,Goods Received,2026-06-08T14:53,UT-BOILE-032,18,Open
WMS-00471-2,SH-00471,W-GLA,Putaway Completed,2026-06-08T16:19,UT-BOILE-032,5,Completed
WMS-00472-0,SH-00472,W-GLA,ASN Received,2026-06-09T16:54,UT-BOILE-021,13,Exception
WMS-00472-1,SH-00472,W-MAN,Goods Received,2026-06-09T18:56,UT-BOILE-021,10,Exception
WMS-00472-2,SH-00472,W-LON,Putaway Completed,2026-06-09T20:26,UT-BOILE-021,18,Exception
WMS-00472-3,SH-00472,W-MAN,Stock Adjustment,2026-06-09T22:18,UT-BOILE-021,3,Completed
WMS-00472-4,SH-00472,W-MAN,Pick Started,2026-06-10T00:16,UT-BOILE-021,3,Open
WMS-00472-5,SH-00472,W-COV,Pick Completed,2026-06-10T02:12,UT-BOILE-021,3,Exception
WMS-00472-6,SH-00472,W-COV,Pack Completed,2026-06-10T04:07,UT-BOILE-021,18,Exception
WMS-00472-7,SH-00472,W-COV,Shipment Created,2026-06-10T06:19,UT-BOILE-021,1,Open
WMS-00473-0,SH-00473,W-MAN,ASN Received,2026-06-06T13:13,UT-PUMP-090,15,Open
WMS-00473-1,SH-00473,W-GLA,Goods Received,2026-06-06T15:39,UT-PUMP-090,21,Exception
WMS-00473-2,SH-00473,W-LON,Putaway Completed,2026-06-06T17:00,UT-PUMP-090,20,Completed
WMS-00474-0,SH-00474,W-COV,ASN Received,2026-06-13T17:24,UT-VALVE-078,10,Completed
WMS-00474-1,SH-00474,W-COV,Goods Received,2026-06-13T19:17,UT-VALVE-078,15,Open
WMS-00474-2,SH-00474,W-LON,Putaway Completed,2026-06-13T21:29,UT-VALVE-078,20,Open
WMS-00474-3,SH-00474,W-LON,Stock Adjustment,2026-06-13T23:49,UT-VALVE-078,21,Exception
WMS-00474-4,SH-00474,W-GLA,Pick Started,2026-06-14T01:32,UT-VALVE-078,9,Exception
WMS-00474-5,SH-00474,W-COV,Pick Completed,2026-06-14T03:29,UT-VALVE-078,1,Exception
WMS-00475-0,SH-00475,W-MAN,ASN Received,2026-06-02T15:14,UT-SENSO-052,22,Exception
WMS-00475-1,SH-00475,W-GLA,Goods Received,2026-06-02T17:42,UT-SENSO-052,19,Exception
WMS-00475-2,SH-00475,W-LON,Putaway Completed,2026-06-02T19:44,UT-SENSO-052,11,Open
WMS-00475-3,SH-00475,W-MAN,Stock Adjustment,2026-06-02T21:14,UT-SENSO-052,19,Completed
WMS-00476-0,SH-00476,W-MAN,ASN Received,2026-06-08T13:55,UT-PUMP-088,16,Exception
WMS-00476-1,SH-00476,W-LON,Goods Received,2026-06-08T15:35,UT-PUMP-088,15,Exception
WMS-00476-2,SH-00476,W-COV,Putaway Completed,2026-06-08T17:16,UT-PUMP-088,23,Completed
WMS-00476-3,SH-00476,W-MAN,Stock Adjustment,2026-06-08T19:17,UT-PUMP-088,19,Completed
WMS-00476-4,SH-00476,W-COV,Pick Started,2026-06-08T21:57,UT-PUMP-088,16,Exception
WMS-00476-5,SH-00476,W-LON,Pick Completed,2026-06-08T23:28,UT-PUMP-088,2,Open
WMS-00476-6,SH-00476,W-COV,Pack Completed,2026-06-09T01:23,UT-PUMP-088,12,Exception
WMS-00477-0,SH-00477,W-GLA,ASN Received,2026-06-11T15:08,UT-PIPEW-013,20,Exception
WMS-00477-1,SH-00477,W-COV,Goods Received,2026-06-11T17:21,UT-PIPEW-013,1,Exception
WMS-00477-2,SH-00477,W-MAN,Putaway Completed,2026-06-11T19:24,UT-PIPEW-013,2,Completed
WMS-00477-3,SH-00477,W-COV,Stock Adjustment,2026-06-11T21:42,UT-PIPEW-013,3,Completed
WMS-00477-4,SH-00477,W-COV,Pick Started,2026-06-11T23:05,UT-PIPEW-013,11,Open
WMS-00478-0,SH-00478,W-LON,ASN Received,2026-06-07T16:54,UT-METER-054,12,Open
WMS-00478-1,SH-00478,W-LON,Goods Received,2026-06-07T18:04,UT-METER-054,20,Completed
WMS-00478-2,SH-00478,W-MAN,Putaway Completed,2026-06-07T20:04,UT-METER-054,17,Exception
WMS-00478-3,SH-00478,W-MAN,Stock Adjustment,2026-06-07T22:56,UT-METER-054,5,Completed
WMS-00478-4,SH-00478,W-LON,Pick Started,2026-06-08T00:13,UT-METER-054,3,Exception
WMS-00478-5,SH-00478,W-LON,Pick Completed,2026-06-08T02:52,UT-METER-054,10,Completed
WMS-00478-6,SH-00478,W-LON,Pack Completed,2026-06-08T04:24,UT-METER-054,3,Exception
WMS-00478-7,SH-00478,W-MAN,Shipment Created,2026-06-08T06:53,UT-METER-054,1,Completed
WMS-00479-0,SH-00479,W-MAN,ASN Received,2026-06-21T14:58,UT-SENSO-053,20,Open
WMS-00479-1,SH-00479,W-GLA,Goods Received,2026-06-21T16:16,UT-SENSO-053,10,Exception
WMS-00479-2,SH-00479,W-GLA,Putaway Completed,2026-06-21T18:48,UT-SENSO-053,8,Exception
WMS-00479-3,SH-00479,W-LON,Stock Adjustment,2026-06-21T20:49,UT-SENSO-053,23,Exception
WMS-00479-4,SH-00479,W-LON,Pick Started,2026-06-21T22:32,UT-SENSO-053,4,Completed
WMS-00480-0,SH-00480,W-LON,ASN Received,2026-06-02T14:25,UT-BOILE-040,24,Completed
WMS-00480-1,SH-00480,W-MAN,Goods Received,2026-06-02T16:09,UT-BOILE-040,7,Open
WMS-00480-2,SH-00480,W-GLA,Putaway Completed,2026-06-02T18:04,UT-BOILE-040,18,Completed
WMS-00480-3,SH-00480,W-MAN,Stock Adjustment,2026-06-02T20:39,UT-BOILE-040,11,Open
WMS-00481-0,SH-00481,W-GLA,ASN Received,2026-06-15T11:46,UT-SENSO-080,6,Completed
WMS-00481-1,SH-00481,W-MAN,Goods Received,2026-06-15T13:01,UT-SENSO-080,1,Exception
WMS-00481-2,SH-00481,W-COV,Putaway Completed,2026-06-15T15:23,UT-SENSO-080,13,Completed
WMS-00481-3,SH-00481,W-COV,Stock Adjustment,2026-06-15T17:47,UT-SENSO-080,17,Exception
WMS-00481-4,SH-00481,W-MAN,Pick Started,2026-06-15T19:36,UT-SENSO-080,6,Exception
WMS-00482-0,SH-00482,W-MAN,ASN Received,2026-06-17T15:31,UT-EV-082,20,Exception
WMS-00482-1,SH-00482,W-LON,Goods Received,2026-06-17T17:48,UT-EV-082,7,Exception
WMS-00482-2,SH-00482,W-LON,Putaway Completed,2026-06-17T19:20,UT-EV-082,3,Completed
WMS-00482-3,SH-00482,W-GLA,Stock Adjustment,2026-06-17T21:22,UT-EV-082,11,Completed
WMS-00482-4,SH-00482,W-COV,Pick Started,2026-06-17T23:01,UT-EV-082,12,Completed
WMS-00482-5,SH-00482,W-COV,Pick Completed,2026-06-18T01:32,UT-EV-082,4,Exception
WMS-00483-0,SH-00483,W-COV,ASN Received,2026-06-05T10:27,UT-EV-089,14,Exception
WMS-00483-1,SH-00483,W-LON,Goods Received,2026-06-05T12:53,UT-EV-089,18,Open
WMS-00483-2,SH-00483,W-GLA,Putaway Completed,2026-06-05T14:00,UT-EV-089,8,Completed
WMS-00483-3,SH-00483,W-COV,Stock Adjustment,2026-06-05T16:16,UT-EV-089,12,Open
WMS-00484-0,SH-00484,W-GLA,ASN Received,2026-06-04T14:53,UT-PIPEW-009,6,Exception
WMS-00484-1,SH-00484,W-GLA,Goods Received,2026-06-04T16:23,UT-PIPEW-009,6,Exception
WMS-00484-2,SH-00484,W-MAN,Putaway Completed,2026-06-04T18:44,UT-PIPEW-009,6,Completed
WMS-00485-0,SH-00485,W-GLA,ASN Received,2026-06-17T16:34,UT-PUMP-071,19,Completed
WMS-00485-1,SH-00485,W-MAN,Goods Received,2026-06-17T18:01,UT-PUMP-071,9,Open
WMS-00485-2,SH-00485,W-COV,Putaway Completed,2026-06-17T20:45,UT-PUMP-071,19,Open
WMS-00485-3,SH-00485,W-COV,Stock Adjustment,2026-06-17T22:53,UT-PUMP-071,18,Open
WMS-00485-4,SH-00485,W-COV,Pick Started,2026-06-18T00:51,UT-PUMP-071,10,Completed
WMS-00485-5,SH-00485,W-MAN,Pick Completed,2026-06-18T02:38,UT-PUMP-071,8,Open
WMS-00486-0,SH-00486,W-COV,ASN Received,2026-06-12T17:56,UT-PUMP-043,12,Exception
WMS-00486-1,SH-00486,W-MAN,Goods Received,2026-06-12T19:11,UT-PUMP-043,4,Completed
WMS-00486-2,SH-00486,W-MAN,Putaway Completed,2026-06-12T21:24,UT-PUMP-043,23,Exception
WMS-00487-0,SH-00487,W-COV,ASN Received,2026-06-17T11:34,UT-VALVE-049,9,Completed
WMS-00487-1,SH-00487,W-LON,Goods Received,2026-06-17T13:25,UT-VALVE-049,23,Completed
WMS-00487-2,SH-00487,W-COV,Putaway Completed,2026-06-17T15:45,UT-VALVE-049,19,Completed
WMS-00487-3,SH-00487,W-COV,Stock Adjustment,2026-06-17T17:30,UT-VALVE-049,8,Open
WMS-00487-4,SH-00487,W-GLA,Pick Started,2026-06-17T19:39,UT-VALVE-049,19,Exception
WMS-00487-5,SH-00487,W-GLA,Pick Completed,2026-06-17T21:50,UT-VALVE-049,9,Open
WMS-00487-6,SH-00487,W-LON,Pack Completed,2026-06-17T23:43,UT-VALVE-049,21,Exception
WMS-00488-0,SH-00488,W-LON,ASN Received,2026-06-02T15:42,UT-BOILE-040,18,Completed
WMS-00488-1,SH-00488,W-LON,Goods Received,2026-06-02T17:30,UT-BOILE-040,17,Open
WMS-00488-2,SH-00488,W-MAN,Putaway Completed,2026-06-02T19:19,UT-BOILE-040,22,Completed
WMS-00488-3,SH-00488,W-LON,Stock Adjustment,2026-06-02T21:53,UT-BOILE-040,23,Completed
WMS-00488-4,SH-00488,W-COV,Pick Started,2026-06-02T23:28,UT-BOILE-040,21,Exception
WMS-00489-0,SH-00489,W-MAN,ASN Received,2026-06-13T09:20,UT-PUMP-088,23,Exception
WMS-00489-1,SH-00489,W-GLA,Goods Received,2026-06-13T11:51,UT-PUMP-088,4,Open
WMS-00489-2,SH-00489,W-LON,Putaway Completed,2026-06-13T13:09,UT-PUMP-088,9,Exception
WMS-00489-3,SH-00489,W-COV,Stock Adjustment,2026-06-13T15:12,UT-PUMP-088,5,Completed
WMS-00489-4,SH-00489,W-MAN,Pick Started,2026-06-13T17:17,UT-PUMP-088,16,Open
WMS-00489-5,SH-00489,W-COV,Pick Completed,2026-06-13T19:18,UT-PUMP-088,14,Exception
WMS-00490-0,SH-00490,W-LON,ASN Received,2026-06-12T13:06,UT-BOILE-005,5,Completed
WMS-00490-1,SH-00490,W-MAN,Goods Received,2026-06-12T15:58,UT-BOILE-005,18,Exception
WMS-00490-2,SH-00490,W-MAN,Putaway Completed,2026-06-12T17:41,UT-BOILE-005,23,Exception
WMS-00490-3,SH-00490,W-COV,Stock Adjustment,2026-06-12T19:23,UT-BOILE-005,13,Open
WMS-00490-4,SH-00490,W-GLA,Pick Started,2026-06-12T21:26,UT-BOILE-005,18,Exception
WMS-00490-5,SH-00490,W-GLA,Pick Completed,2026-06-12T23:15,UT-BOILE-005,22,Completed
WMS-00490-6,SH-00490,W-GLA,Pack Completed,2026-06-13T01:23,UT-BOILE-005,12,Open
WMS-00490-7,SH-00490,W-GLA,Shipment Created,2026-06-13T03:37,UT-BOILE-005,11,Completed
WMS-00491-0,SH-00491,W-GLA,ASN Received,2026-06-14T08:43,UT-SENSO-053,1,Open
WMS-00491-1,SH-00491,W-COV,Goods Received,2026-06-14T10:29,UT-SENSO-053,20,Completed
WMS-00491-2,SH-00491,W-LON,Putaway Completed,2026-06-14T12:41,UT-SENSO-053,15,Completed
WMS-00491-3,SH-00491,W-COV,Stock Adjustment,2026-06-14T14:21,UT-SENSO-053,22,Completed
WMS-00491-4,SH-00491,W-MAN,Pick Started,2026-06-14T16:02,UT-SENSO-053,2,Completed
WMS-00492-0,SH-00492,W-MAN,ASN Received,2026-06-20T08:41,UT-EV-027,15,Open
WMS-00492-1,SH-00492,W-GLA,Goods Received,2026-06-20T10:11,UT-EV-027,15,Completed
WMS-00492-2,SH-00492,W-GLA,Putaway Completed,2026-06-20T12:18,UT-EV-027,20,Exception
WMS-00492-3,SH-00492,W-GLA,Stock Adjustment,2026-06-20T14:31,UT-EV-027,24,Exception
WMS-00493-0,SH-00493,W-GLA,ASN Received,2026-06-02T14:30,UT-BOILE-057,16,Exception
WMS-00493-1,SH-00493,W-GLA,Goods Received,2026-06-02T16:00,UT-BOILE-057,15,Completed
WMS-00493-2,SH-00493,W-GLA,Putaway Completed,2026-06-02T18:26,UT-BOILE-057,11,Open
WMS-00493-3,SH-00493,W-LON,Stock Adjustment,2026-06-02T20:29,UT-BOILE-057,2,Open
WMS-00493-4,SH-00493,W-COV,Pick Started,2026-06-02T22:09,UT-BOILE-057,20,Exception
WMS-00493-5,SH-00493,W-LON,Pick Completed,2026-06-03T00:58,UT-BOILE-057,5,Exception
WMS-00493-6,SH-00493,W-GLA,Pack Completed,2026-06-03T02:09,UT-BOILE-057,13,Exception
WMS-00493-7,SH-00493,W-COV,Shipment Created,2026-06-03T04:50,UT-BOILE-057,20,Completed
WMS-00494-0,SH-00494,W-GLA,ASN Received,2026-06-21T14:15,UT-SENSO-019,12,Exception
WMS-00494-1,SH-00494,W-GLA,Goods Received,2026-06-21T16:05,UT-SENSO-019,13,Completed
WMS-00494-2,SH-00494,W-COV,Putaway Completed,2026-06-21T18:36,UT-SENSO-019,20,Completed
WMS-00494-3,SH-00494,W-GLA,Stock Adjustment,2026-06-21T20:35,UT-SENSO-019,1,Exception
WMS-00494-4,SH-00494,W-LON,Pick Started,2026-06-21T22:00,UT-SENSO-019,23,Completed
WMS-00494-5,SH-00494,W-LON,Pick Completed,2026-06-22T00:00,UT-SENSO-019,23,Exception
WMS-00494-6,SH-00494,W-LON,Pack Completed,2026-06-22T02:31,UT-SENSO-019,4,Open
WMS-00495-0,SH-00495,W-GLA,ASN Received,2026-06-21T09:42,UT-EV-006,10,Exception
WMS-00495-1,SH-00495,W-LON,Goods Received,2026-06-21T11:10,UT-EV-006,22,Exception
WMS-00495-2,SH-00495,W-MAN,Putaway Completed,2026-06-21T13:45,UT-EV-006,22,Exception
WMS-00495-3,SH-00495,W-MAN,Stock Adjustment,2026-06-21T15:02,UT-EV-006,3,Completed
WMS-00496-0,SH-00496,W-GLA,ASN Received,2026-06-12T17:05,UT-EV-023,7,Completed
WMS-00496-1,SH-00496,W-LON,Goods Received,2026-06-12T19:59,UT-EV-023,20,Completed
WMS-00496-2,SH-00496,W-LON,Putaway Completed,2026-06-12T21:50,UT-EV-023,14,Open
WMS-00496-3,SH-00496,W-LON,Stock Adjustment,2026-06-12T23:24,UT-EV-023,18,Completed
WMS-00496-4,SH-00496,W-LON,Pick Started,2026-06-13T01:49,UT-EV-023,1,Exception
WMS-00496-5,SH-00496,W-GLA,Pick Completed,2026-06-13T03:21,UT-EV-023,16,Completed
WMS-00496-6,SH-00496,W-LON,Pack Completed,2026-06-13T05:19,UT-EV-023,20,Exception
WMS-00496-7,SH-00496,W-COV,Shipment Created,2026-06-13T07:51,UT-EV-023,12,Exception
WMS-00497-0,SH-00497,W-GLA,ASN Received,2026-06-17T16:26,UT-SENSO-079,22,Open
WMS-00497-1,SH-00497,W-GLA,Goods Received,2026-06-17T18:38,UT-SENSO-079,8,Completed
WMS-00497-2,SH-00497,W-COV,Putaway Completed,2026-06-17T20:15,UT-SENSO-079,12,Exception
WMS-00497-3,SH-00497,W-LON,Stock Adjustment,2026-06-17T22:07,UT-SENSO-079,17,Exception
WMS-00497-4,SH-00497,W-MAN,Pick Started,2026-06-18T00:03,UT-SENSO-079,22,Open
WMS-00497-5,SH-00497,W-MAN,Pick Completed,2026-06-18T02:41,UT-SENSO-079,9,Exception
WMS-00497-6,SH-00497,W-COV,Pack Completed,2026-06-18T04:56,UT-SENSO-079,2,Completed
WMS-00498-0,SH-00498,W-GLA,ASN Received,2026-06-05T13:43,UT-VALVE-085,16,Completed
WMS-00498-1,SH-00498,W-COV,Goods Received,2026-06-05T15:16,UT-VALVE-085,14,Completed
WMS-00498-2,SH-00498,W-LON,Putaway Completed,2026-06-05T17:11,UT-VALVE-085,16,Open
WMS-00498-3,SH-00498,W-COV,Stock Adjustment,2026-06-05T19:51,UT-VALVE-085,9,Open
WMS-00498-4,SH-00498,W-MAN,Pick Started,2026-06-05T21:39,UT-VALVE-085,6,Open
WMS-00498-5,SH-00498,W-LON,Pick Completed,2026-06-05T23:55,UT-VALVE-085,14,Exception
WMS-00499-0,SH-00499,W-GLA,ASN Received,2026-06-19T16:50,UT-BOILE-067,10,Open
WMS-00499-1,SH-00499,W-MAN,Goods Received,2026-06-19T18:27,UT-BOILE-067,24,Exception
WMS-00499-2,SH-00499,W-GLA,Putaway Completed,2026-06-19T20:26,UT-BOILE-067,4,Completed
WMS-00499-3,SH-00499,W-GLA,Stock Adjustment,2026-06-19T22:26,UT-BOILE-067,18,Open
WMS-00499-4,SH-00499,W-MAN,Pick Started,2026-06-20T00:45,UT-BOILE-067,5,Exception
WMS-00500-0,SH-00500,W-COV,ASN Received,2026-06-14T13:31,UT-EV-008,18,Completed
WMS-00500-1,SH-00500,W-LON,Goods Received,2026-06-14T15:34,UT-EV-008,2,Open
WMS-00500-2,SH-00500,W-LON,Putaway Completed,2026-06-14T17:04,UT-EV-008,11,Exception
WMS-00500-3,SH-00500,W-GLA,Stock Adjustment,2026-06-14T19:22,UT-EV-008,20,Exception
